Nome do equipamento,Funcionário atribuído,Número de série,Categoria de equipamento,Custo,Modelo
GULI's Headset,Guilherme Lima (guli),HE7UR23GDPPQ0Y9D,Headset,223.75,Logitech H390 USB
GULI's Notebook,Guilherme Lima (guli),OM5IGQPKI7,Notebook,"4,326.40",ASUS VivoBook 15 - Intel Core i7
GULI's Livros,Guilherme Lima (guli),P5TB94874FRHO,Livros,53.92,
VILI's Headset,Vitor Lima (vili),CN9J2QP89UZFK8UT,Headset,223.75,Logitech H390 USB
VILI's Notebook,Vitor Lima (vili),0CVS4F8CGV,Notebook,"4,326.40",ASUS VivoBook 15 - Intel Core i7
PATE's Headset,Paulo Teixeira (pate),YIE6IVWPVS7HZIOY,Headset,191.25,Plantronics Blackwire 3220
PATE's Armário (62),Paulo Teixeira (pate),,Armário,0.00,
CATE's Headset,Camila Teixeira (cate),KL1CQ99CHJ755NF4,Headset,223.75,Logitech H390 USB
CATE's Notebook,Camila Teixeira (cate),ZW9XA3KX7E,Notebook,"3,844.71",Lenovo IdeaPad 3 - Intel Core i5
CATE's Armário (116),Camila Teixeira (cate),,Armário,0.00,
LACO's Headset,Laura Correia (laco),EDTJVZHWJR64DPJA,Headset,191.25,Plantronics Blackwire 3220
LACO's Notebook,Laura Correia (laco),1WJ0TPAC56,Notebook,"3,844.71",Lenovo IdeaPad 3 - Intel Core i5
LACO's Estacionamento,Laura Correia (laco),,Estacionamento,0.00,
ANXA's Notebook,Antonio Xavier (anxa),T4UFEL6246,Notebook,"4,326.40",ASUS VivoBook 15 - Intel Core i7
ANXA's Headset,Antonio Xavier (anxa),HID25OWF75935A0L,Headset,191.25,Plantronics Blackwire 3220
ANXA's Armário (117),Antonio Xavier (anxa),,Armário,0.00,
SAMO's Headset,Sandra Monteiro (samo),7253J2D54I3QK2IA,Headset,191.25,Plantronics Blackwire 3220
SAMO's Notebook,Sandra Monteiro (samo),GL58KXO9T7,Notebook,"4,819.54",Samsung Galaxy Book Go - Intel Core i5
FEAL's Armário (123),Fernanda Alves (feal),,Armário,0.00,
MAAR's Headset,Mateus Araújo (maar),E8G8JDP0LVSNUJZA,Headset,223.75,Logitech H390 USB
MAAR's Notebook,Mateus Araújo (maar),7TZ0YNCXLL,Notebook,"3,844.71",Lenovo IdeaPad 3 - Intel Core i5
LEBO's Armário (77),Leonardo Borges (lebo),,Armário,0.00,
LUME's Notebook,Lucas Melo (lume),4ZKLOOKEP7,Notebook,"3,844.71",Lenovo IdeaPad 3 - Intel Core i5
LUME's Headset,Lucas Melo (lume),Y6WKTAKPUXQPHR62,Headset,191.25,Plantronics Blackwire 3220
LUME's Armário (139),Lucas Melo (lume),,Armário,0.00,
PEME's Notebook,Pedro Melo (peme),GDSWM31YIH,Notebook,"4,514.18",Acer Aspire 5 - Intel Core i7
PEME's Headset,Pedro Melo (peme),AIR4COWGZRIXA11D,Headset,179.24,Sony MDR-ZX110
PEME's Armário (83),Pedro Melo (peme),,Armário,0.00,
CLRO's Headset,Claudia Rocha (clro),PG8SBI4Q2Y9V86WZ,Headset,223.75,Logitech H390 USB
CLRO's Notebook,Claudia Rocha (clro),S3T60RJIW1,Notebook,"3,844.71",Lenovo IdeaPad 3 - Intel Core i5
CLRO's Estacionamento,Claudia Rocha (clro),,Estacionamento,0.00,
CAOL's Headset,Carlos Oliveira (caol),SWJCKJLTEIYZCOTO,Headset,949.88,Corsair HS50 Pro
CAOL's Estacionamento,Carlos Oliveira (caol),,Estacionamento,0.00,
CAOL's Armário (138),Carlos Oliveira (caol),,Armário,0.00,
CAOL's Notebook,Carlos Oliveira (caol),HP6VZ41NAM148P0TVHHP,Notebook,"6,144.91",Dell Latitude 5440
CLAZ's Headset,Clara Azevedo (claz),BMYOFQEWAOUAXEQB,Headset,179.24,Sony MDR-ZX110
CLAZ's Notebook,Clara Azevedo (claz),NHL1N13JCA,Notebook,"4,443.62",Dell Vostro 15 - Intel Core i5
CLAZ's Estacionamento,Clara Azevedo (claz),,Estacionamento,0.00,
CLAZ's Notebook,Clara Azevedo (claz),T9MX2X18HAFEYUHZ1GV0,Notebook,"6,144.91",Dell Latitude 5440
SIXA's Armário (66),Simone Xavier (sixa),,Armário,0.00,
GIRI's Headset,Giovanna Ribeiro (giri),E38DALY8OZCYWD14,Headset,223.75,Logitech H390 USB
GIRI's Notebook,Giovanna Ribeiro (giri),VE92MPNSM4,Notebook,"4,514.18",Acer Aspire 5 - Intel Core i7
PRSA's Headset,Priscila Santos (prsa),3D8W3ZP08J3TRP0J,Headset,223.75,Logitech H390 USB
PRSA's Notebook,Priscila Santos (prsa),43D5IQVNB4GH2M,Notebook,"5,225.54",ASUS ZenBook 14 - Intel Core i5
FEPO's Notebook,Fernando Porto (fepo),5ZJA8DZR1Y,Notebook,"4,443.62",Dell Vostro 15 - Intel Core i5
FEPO's Headset,Fernando Porto (fepo),XR2DHYLURTP0LZJJ,Headset,191.25,Plantronics Blackwire 3220
GIMI's Headset,Giovanna Miranda (gimi),EGET1GHR09SKDGIG,Headset,223.75,Logitech H390 USB
GIMI's Notebook,Giovanna Miranda (gimi),ATJ9TZE5R5,Notebook,"4,443.62",Dell Vostro 15 - Intel Core i5
BRMB's Headset,Bruno Medeiros (brmb),UQPGB7R3OCWBFUK9,Headset,191.25,Plantronics Blackwire 3220
BRMB's Notebook,Bruno Medeiros (brmb),E1V2ISQP49,Notebook,"4,326.40",ASUS VivoBook 15 - Intel Core i7
BRMB's Livros,Bruno Medeiros (brmb),KWV08HHXFGCAQ,Livros,66.12,
ALRO's Headset,Aline Rodrigues (alro),VKIZZQY72WX7PTX6,Headset,223.75,Logitech H390 USB
ALRO's Notebook,Aline Rodrigues (alro),3CFL0UKEYZ,Notebook,"3,844.71",Lenovo IdeaPad 3 - Intel Core i5
ALRO's Armário (109),Aline Rodrigues (alro),,Armário,0.00,
ALRO's Headset,Aline Rodrigues (alro),7SRCBPLJD84U89YJ,Headset,191.25,Plantronics Blackwire 3220
NASI's Headset,Natalia Silva (nasi),B1QX6GVWRDMLY4LY,Headset,223.75,Logitech H390 USB
NASI's Notebook,Natalia Silva (nasi),K83TQLL8OS,Notebook,"4,326.40",ASUS VivoBook 15 - Intel Core i7
DIBA's Notebook,Diego Barbosa (diba),9XTOGN1W1H,Notebook,"4,326.40",ASUS VivoBook 15 - Intel Core i7
DIBA's Headset,Diego Barbosa (diba),T7PZE9VIFTTD96QE,Headset,191.25,Plantronics Blackwire 3220
YAMÜ's Headset,Yan Müller (yamü),3RZSJ49ITN7S55J2,Headset,191.25,Plantronics Blackwire 3220
YAMÜ's Notebook,Yan Müller (yamü),O7S3KKV9RF,Notebook,"4,819.54",Samsung Galaxy Book Go - Intel Core i5
MABA's Notebook,Mateus Bastos (maba),TMTTQLGZUI,Notebook,"4,819.54",Samsung Galaxy Book Go - Intel Core i5
MABA's Headset,Mateus Bastos (maba),1B0Z3NX39RBSV55P,Headset,191.25,Plantronics Blackwire 3220
THSO's Notebook,Thiago Souza (thso),SQ0OXFQ8MY,Notebook,"3,844.71",Lenovo IdeaPad 3 - Intel Core i5
THSO's Headset,Thiago Souza (thso),X444NLZ15BCW790P,Headset,191.25,Plantronics Blackwire 3220
NIGU's Headset,Nicolas Guimarães (nigu),DW5PY6B2KNFTU2GC,Headset,191.25,Plantronics Blackwire 3220
NIGU's Notebook,Nicolas Guimarães (nigu),5WI6FQJJA2,Notebook,"4,326.40",ASUS VivoBook 15 - Intel Core i7
GACA's Headset,Gabriel Cardoso (gaca),6YFPMVXPJ4HNRIUU,Headset,191.25,Plantronics Blackwire 3220
GACA's Notebook,Gabriel Cardoso (gaca),9K9XJUY0BV,Notebook,"4,443.62",Dell Vostro 15 - Intel Core i5
JUGO's Notebook,Julia Gomes (jugo),R6K2VMWWYZ,Notebook,"3,844.71",Lenovo IdeaPad 3 - Intel Core i5
JUGO's Headset,Julia Gomes (jugo),X4W6XLPU0DK0GET8,Headset,179.24,Sony MDR-ZX110
JUGO's Armário (68),Julia Gomes (jugo),,Armário,0.00,
CLCA's Notebook,Claudia Carvalho (clca),T63J3R30ME,Notebook,"4,326.40",ASUS VivoBook 15 - Intel Core i7
CLCA's Headset,Claudia Carvalho (clca),8F840982N2ATQYYV,Headset,223.75,Logitech H390 USB
SANE's Headset,Sandra Neves (sane),37DIA5U6HC36KOF8,Headset,223.75,Logitech H390 USB
SANE's Notebook,Sandra Neves (sane),KRD5EQY08P,Notebook,"3,844.71",Lenovo IdeaPad 3 - Intel Core i5
NICU's Headset,Nicolas Cunha (nicu),0FODRO8BNP84DYT9,Headset,223.75,Logitech H390 USB
MOCA's Notebook,Monica Carvalho (moca),MOGE4QXXVA,Notebook,"4,326.40",ASUS VivoBook 15 - Intel Core i7
MOCA's Headset,Monica Carvalho (moca),2IEUC1HH5LF6A4FE,Headset,191.25,Plantronics Blackwire 3220
JOMO's Notebook,João Moraes (jomo),JGXAA2ILGB,Notebook,"4,819.54",Samsung Galaxy Book Go - Intel Core i5
JOMO's Headset,João Moraes (jomo),0S0R2SDS8B25SQ8C,Headset,191.25,Plantronics Blackwire 3220
FEBA's Headset,Felipe Barros (feba),ROYR6CCVCJWTL9TQ,Headset,191.25,Plantronics Blackwire 3220
FEBA's Notebook,Felipe Barros (feba),VDZ4X1ZHQI,Notebook,"4,326.40",ASUS VivoBook 15 - Intel Core i7
LURE's Headset,Luiza Rezende (lure),MQODPXNF7C3DD03U,Headset,223.75,Logitech H390 USB
LURE's Notebook,Luiza Rezende (lure),VULEMX15Z8,Notebook,"4,443.62",Dell Vostro 15 - Intel Core i5
RECO's Headset,Renata Costa (reco),VMUHXID4N1U3493W,Headset,179.24,Sony MDR-ZX110
RECO's Notebook,Renata Costa (reco),XA73JGZLMA,Notebook,"4,326.40",ASUS VivoBook 15 - Intel Core i7
TARA's Notebook,Tatiana Ramos (tara),5UOFWB0HPM,Notebook,"3,844.71",Lenovo IdeaPad 3 - Intel Core i5
TARA's Headset,Tatiana Ramos (tara),NZ1UDBFWYJXRPJ1E,Headset,223.75,Logitech H390 USB
MADI's Notebook,Mariana Dias (madi),PKYRYBOVAK,Notebook,"4,326.40",ASUS VivoBook 15 - Intel Core i7
MADI's Headset,Mariana Dias (madi),HEJLA0GNZS43C5BA,Headset,191.25,Plantronics Blackwire 3220
MADI's Armário (69),Mariana Dias (madi),,Armário,0.00,
RIFR's Notebook,Ricardo Freitas (rifr),75UUZPEAL2,Notebook,"4,443.62",Dell Vostro 15 - Intel Core i5
RIFR's Headset,Ricardo Freitas (rifr),W37D4IVSOLMLGSES,Headset,223.75,Logitech H390 USB
BEVI's Notebook,Beatriz Vieira (bevi),6M033IFHV1,Notebook,"3,844.71",Lenovo IdeaPad 3 - Intel Core i5
BEVI's Headset,Beatriz Vieira (bevi),XG1R11Q7UWW5WFCP,Headset,179.24,Sony MDR-ZX110
PAMO's Headset,Patricia Moreira (pamo),KJCSLQC3C54WSQT2,Headset,191.25,Plantronics Blackwire 3220
PAMO's Notebook,Patricia Moreira (pamo),6Q3XLRFCD6,Notebook,"4,326.40",ASUS VivoBook 15 - Intel Core i7
BETA's Headset,Beatriz Tavares (beta),MZSGIPPSFNKOMV2X,Headset,949.88,Corsair HS50 Pro
BETA's Estacionamento,Beatriz Tavares (beta),,Estacionamento,0.00,
BETA's Notebook,Beatriz Tavares (beta),CDYK0X65MUFM8ZOV7LN2,Notebook,"6,144.91",Dell Latitude 5440
THRO's Notebook,Thiago Rodrigues (thro),3Y30YSXPNN,Notebook,"4,514.18",Acer Aspire 5 - Intel Core i7
THRO's Headset,Thiago Rodrigues (thro),GH8RIEC4D145BM1E,Headset,223.75,Logitech H390 USB
SIAN's Notebook,Simone Andrade (sian),NF313FPOYI,Notebook,"4,327.40",ASUS VivoBook 15 - Intel Core i7
SIAN's Headset,Simone Andrade (sian),PK0QTL3Q4N89QKNS,Headset,191.25,Plantronics Blackwire 3220
LAPA's Headset,Larissa Pacheco (lapa),832EJX5TD44K1J6F,Headset,191.25,Plantronics Blackwire 3220
LAPA's Notebook,Larissa Pacheco (lapa),P8HQMABSI9,Notebook,"4,326.40",ASUS VivoBook 15 - Intel Core i7
LAPA's Livros,Larissa Pacheco (lapa),NB74X2EK3ZEZQ,Livros,40.36,
DAAN's Notebook,Daniel Andrade (daan),ACJ4T0SEKK,Notebook,"3,844.71",Lenovo IdeaPad 3 - Intel Core i5
DAAN's Headset,Daniel Andrade (daan),BP2QD6VASIFPWIOX,Headset,179.24,Sony MDR-ZX110
ALBO's Notebook,Aline Borges (albo),D9CSS9TOQW,Notebook,"4,326.40",ASUS VivoBook 15 - Intel Core i7
ALBO's Headset,Aline Borges (albo),9JA2M0W10LBT3G2Q,Headset,223.75,Logitech H390 USB
ALBO's Armário (88),Aline Borges (albo),,Armário,0.00,
FESA's Notebook,Felipe Santos (fesa),ZW3C1QKBHB,Notebook,"4,326.40",ASUS VivoBook 15 - Intel Core i7
FESA's Headset,Felipe Santos (fesa),7S9TJ1GM25LEN606,Headset,223.75,Logitech H390 USB
SEBR's Notebook,Sergio Braga (sebr),N9RR7S20CV,Notebook,"4,443.62",Dell Vostro 15 - Intel Core i5
SEBR's Headset,Sergio Braga (sebr),3TLCXLVPYMB5M9J9,Headset,191.25,Plantronics Blackwire 3220
YUFE's Headset,Yuri Ferreira (yufe),8CWN2Y8FV2BC2NNU,Headset,949.88,Corsair HS50 Pro
YUFE's Estacionamento,Yuri Ferreira (yufe),,Estacionamento,0.00,
YUFE's Notebook,Yuri Ferreira (yufe),VY8N1UTOXIE0RNUJJQ9K,Notebook,"6,144.91",Dell Latitude 5440
CANA's Notebook,Carlos Nascimento (cana),6RE4Q6QDY4,Notebook,"4,326.40",ASUS VivoBook 15 - Intel Core i7
CANA's Headset,Carlos Nascimento (cana),LMCT64Z7W2SEHE2A,Headset,191.25,Plantronics Blackwire 3220
VIAR's Headset,Victor Araújo (viar),TN2TWDL9ZS13C9XQ,Headset,223.75,Logitech H390 USB
VIAR's Notebook,Victor Araújo (viar),YM52XG8P6B,Notebook,"4,514.18",Acer Aspire 5 - Intel Core i7
ANSI's Notebook,Ana Silva (ansi),EFFLZM764J,Notebook,"4,326.40",ASUS VivoBook 15 - Intel Core i7
ANSI's Headset,Ana Silva (ansi),WTEKTSG7FXZV4U3B,Headset,191.25,Plantronics Blackwire 3220
MANO's Notebook,Marcos Nogueira (mano),BXUX1OXRWK,Notebook,"4,443.62",Dell Vostro 15 - Intel Core i5
MANO's Headset,Marcos Nogueira (mano),8R2YKCCPRHVLZ049,Headset,223.75,Logitech H390 USB
CANE's Headset,Camila Neves (cane),ENULQJIDKNWI5FLU,Headset,223.75,Logitech H390 USB
CANE's Notebook,Camila Neves (cane),L1RSRLA8S8,Notebook,"4,443.62",Dell Vostro 15 - Intel Core i5
VIAL's Estacionamento,Vitor Almeida (vial),,Estacionamento,0.00,
VIAL's Notebook,Vitor Almeida (vial),HMBR5XQT4P501NOUHTCS,Notebook,"6,144.91",Dell Latitude 5440
VIAL's Livros,Vitor Almeida (vial),1K9YE9O2M71HS,Livros,58.90,
JUSO's Headset,Juliana Souza (juso),SBELRQVSLWF90KM3,Headset,949.88,Corsair HS50 Pro
JUSO's Estacionamento,Juliana Souza (juso),,Estacionamento,0.00,
JUSO's Armário (75),Juliana Souza (juso),,Armário,0.00,
JUSO's Notebook,Juliana Souza (juso),TZK3NY9V20YAR821UZVG,Notebook,"6,144.91",Dell Latitude 5440
ISCA's Armário (74),Isabela Campos (isca),,Armário,0.00,
GAOL's Headset,Gabriel Oliveira (gaol),WW4FYB8DALFYO175,Headset,949.88,Corsair HS50 Pro
GAOL's Estacionamento,Gabriel Oliveira (gaol),,Estacionamento,0.00,
GAOL's Armário (100),Gabriel Oliveira (gaol),,Armário,0.00,
GAOL's Notebook,Gabriel Oliveira (gaol),0CEHLXSLG6MM1ZXYVGIU,Notebook,"6,144.91",Dell Latitude 5440
REME's Notebook,Renato Menezes (reme),I9KKHZLM72,Notebook,"3,844.71",Lenovo IdeaPad 3 - Intel Core i5
REME's Headset,Renato Menezes (reme),JEYN9382KKZMPJR,Headset,223.75,Logitech H390 USB
BRME's Headset,Bruno Mendes (brme),HT7ZEWVIYTWBOZD1,Headset,191.25,Plantronics Blackwire 3220
BRME's Notebook,Bruno Mendes (brme),AT7O75RH8L,Notebook,"4,443.62",Dell Vostro 15 - Intel Core i5
EDCA's Headset,Eduardo Cardoso (edca),X6DUT076G5G79OR7,Headset,191.25,Plantronics Blackwire 3220
EDCA's Notebook,Eduardo Cardoso (edca),875AUD9K9T,Notebook,"4,326.40",ASUS VivoBook 15 - Intel Core i7
EDCA's Armário (143),Eduardo Cardoso (edca),,Armário,0.00,
RECB's Notebook,Renato Coelho (recb),R74QGEFQJG,Notebook,"4,443.62",Dell Vostro 15 - Intel Core i5
RECB's Headset,Renato Coelho (recb),02U1G463SDYGFLIJ,Headset,191.25,Plantronics Blackwire 3220
ALMO's Headset,Alexandre Moreira (almo),I18K0AXYCELOS6ZL,Headset,191.25,Plantronics Blackwire 3220
ALMO's Notebook,Alexandre Moreira (almo),E6KWHEF0VO,Notebook,"4,326.40",ASUS VivoBook 15 - Intel Core i7
ANME's Notebook,Andre Medeiros (anme),TQTXHI15CQ,Notebook,"3,844.71",Lenovo IdeaPad 3 - Intel Core i5
ANME's Headset,Andre Medeiros (anme),ZCUCTSUFLSEHUDS3,Headset,223.75,Logitech H390 USB
HEBA's Notebook,Henrique Batista (heba),QSQCQ30O30,Notebook,"4,326.40",ASUS VivoBook 15 - Intel Core i7
HEBA's Headset,Henrique Batista (heba),UBMC97C7BO119XP9,Headset,191.25,Plantronics Blackwire 3220
LEPE's Headset,Leticia Pereira (lepe),N56NYXTXMGTT0IAA,Headset,223.75,Logitech H390 USB
LEPE's Notebook,Leticia Pereira (lepe),KYTT3IMJ70,Notebook,"4,326.40",ASUS VivoBook 15 - Intel Core i7
NANA's Notebook,Natalia Nascimento (nana),E3P15AHDBV,Notebook,"3,844.71",Lenovo IdeaPad 3 - Intel Core i5
NANA's Headset,Natalia Nascimento (nana),ZB0OIH5CSK30LVYL,Headset,179.24,Sony MDR-ZX110
NANA's Estacionamento,Natalia Nascimento (nana),,Estacionamento,0.00,
KARO's Notebook,Karen Rocha (karo),KFXHKC856W,Notebook,"4,326.40",ASUS VivoBook 15 - Intel Core i7
KARO's Headset,Karen Rocha (karo),PR97Y2LOFN1R4KZ3,Headset,223.75,Logitech H390 USB
SEME's Headset,Sergio Menezes (seme),6U8UEIHX74D0GJYV,Headset,223.75,Logitech H390 USB
SEME's Estacionamento,Sergio Menezes (seme),,Estacionamento,0.00,
SEME's Estacionamento,Sergio Menezes (seme),,Estacionamento,0.00,
SEME's Notebook,Sergio Menezes (seme),5G10UR5L8A78E9RIVH6T,Notebook,"6,144.91",Dell Latitude 5440
VACO's Headset,Vanessa Coelho (vaco),1NTMJSRD9Q46NOUH,Headset,223.75,Logitech H390 USB
VACO's Estacionamento,Vanessa Coelho (vaco),,Estacionamento,0.00,
VACO's Notebook,Vanessa Coelho (vaco),FJ7UPFLN4RXYJ38XRG2G,Notebook,"6,144.91",Dell Latitude 5440
HEAL's Headset,Helena Almeida (heal),ZR7TXCB48Y1O4IZA,Headset,223.75,Logitech H390 USB
HEAL's Notebook,Helena Almeida (heal),SNWYWRRATA,Notebook,"4,326.40",ASUS VivoBook 15 - Intel Core i7
LAGU's Notebook,Laura Guimarães (lagu),TJ9A3Y36DD,Notebook,"4,443.62",Dell Vostro 15 - Intel Core i5
LAGU's Headset,Laura Guimarães (lagu),FGS3JONOU9IY4X41,Headset,223.75,Logitech H390 USB
LAGU's Livros,Laura Guimarães (lagu),DNTCAGRP2U4DT,Livros,70.54,
MACO's Notebook,Marcos Costa (maco),BH55RBC76UB7L8V,Notebook,"5,225.54",ASUS ZenBook 14 - Intel Core i5
LEMB's Headset,Leonardo Machado (lemb),1ZOCFI4O6L1F90S9,Headset,223.75,Logitech H390 USB
LEMB's Notebook,Leonardo Machado (lemb),BP4M18O1BJ,Notebook,"4,326.40",ASUS VivoBook 15 - Intel Core i7
YACU's Notebook,Yasmin Cunha (yacu),9RM7PYXDW2,Notebook,"4,842.04",Samsung Galaxy Book Go - Intel Core i5
YACU's Headset,Yasmin Cunha (yacu),ZCFZW0LDALMJEGQT,Headset,191.25,Plantronics Blackwire 3220
YACU's Armário (86),Yasmin Cunha (yacu),,Armário,0.00,
ELGO's Notebook,Elisa Gomes (elgo),OAMDVLNKND,Notebook,"4,327.40",ASUS VivoBook 15 - Intel Core i7
ELGO's Headset,Elisa Gomes (elgo),669UGNEKRCPPRCJI,Headset,223.75,Logitech H390 USB
GUTA's Notebook,Guilherme Tavares (guta),WVHDK8LW2L,Notebook,"4,326.40",Lenovo IdeaPad 3 - Intel Core i5
GUTA's Headset,Guilherme Tavares (guta),M349EL8HL88KZRUI,Headset,191.25,Plantronics Blackwire 3220
GUTA's Armário (121),Guilherme Tavares (guta),,Armário,0.00,
LEME's Headset,Leandro Mendes (leme),N3OEUVTYT8QZPKY3,Headset,223.75,Logitech H390 USB
PABA's Notebook,Patricia Batista (paba),2ORWIXZ2C9,Notebook,"4,327.40",ASUS VivoBook 15 - Intel Core i7
PABA's Headset,Patricia Batista (paba),ROS7YT2M6TWD1XMX,Headset,191.25,Plantronics Blackwire 3220
PABA's Armário (130),Patricia Batista (paba),,Armário,0.00,
JUPI's Headset,Julia Pinto (jupi),B9YO18PAJSSUUQO1,Headset,179.24,Sony MDR-ZX110
JUPI's Notebook,Julia Pinto (jupi),VSMADO8E7F,Notebook,"4,443.62",Dell Vostro 15 - Intel Core i5
JUPI's Estacionamento,Julia Pinto (jupi),,Estacionamento,0.00,
JUPI's Armário (78),Julia Pinto (jupi),,Armário,0.00,
TAPA's Headset,Tatiana Pacheco (tapa),LQHRRPZLK3E4XYF9,Headset,191.25,Plantronics Blackwire 3220
TAPA's Notebook,Tatiana Pacheco (tapa),IGFU8IOGXP,Notebook,"4,326.40",ASUS VivoBook 15 - Intel Core i7
CRCA's Notebook,Cristina Cavalcanti (crca),BWHVNZH13C,Notebook,"4,443.62",Dell Vostro 15 - Intel Core i5
CRCA's Headset,Cristina Cavalcanti (crca),D5GLQJ5SXVWVM4W3,Headset,223.75,Logitech H390 USB
ANMA's Headset,Ana Martins (anma),ZKWDEEKGYSPENGWY,Headset,223.75,Logitech H390 USB
ANMA's Notebook,Ana Martins (anma),X9TRFLQBMA,Notebook,"4,443.62",Dell Vostro 15 - Intel Core i5
ANMA's Armário (93),Ana Martins (anma),,Armário,0.00,
LUCA's Notebook,Lucas Castro (luca),E38SRYO4RC,Notebook,"4,326.40",ASUS VivoBook 15 - Intel Core i7
VIFI's Notebook,Victor Figueiredo (vifi),B1KJTGQ01T,Notebook,"3,844.71",Lenovo IdeaPad 3 - Intel Core i5
VIFI's Headset,Victor Figueiredo (vifi),EE13N3BZT9D31K9Q,Headset,179.24,Sony MDR-ZX110
VIFI's Estacionamento,Victor Figueiredo (vifi),,Estacionamento,0.00,
VIFI's Armário (141),Victor Figueiredo (vifi),,Armário,0.00,
VIFI's Livros,Victor Figueiredo (vifi),,Livros,48.85,
PECO's Notebook,Pedro Correia (peco),M3P91I3VMZ,Notebook,"3,844.71",Lenovo IdeaPad 3 - Intel Core i5
PECO's Headset,Pedro Correia (peco),WFFHHCMKTLZKJ49Y,Headset,223.75,Logitech H390 USB
PECO's Estacionamento,Pedro Correia (peco),,Estacionamento,0.00,
ROPI's Headset,Rodrigo Pinheiro (ropi),D82795E5IZ31YRUJ,Headset,223.75,Logitech H390 USB
ROPI's Notebook,Rodrigo Pinheiro (ropi),OQW5DSK7N8,Notebook,"4,443.62",Dell Vostro 15 - Intel Core i5
ROPI's Armário (142),Rodrigo Pinheiro (ropi),,Armário,0.00,
MAMI's Notebook,Marcelo Miranda (mami),LA100QXMCT,Notebook,"4,514.18",Acer Aspire 5 - Intel Core i7
MAMI's Headset,Marcelo Miranda (mami),HPHJ3MUURMYBD2QE,Headset,191.25,Plantronics Blackwire 3220
RALO's Headset,Rafaela Lopes (ralo),4PA8HYEXF7JXJN6F,Headset,191.25,Plantronics Blackwire 3220
RALO's Notebook,Rafaela Lopes (ralo),OKZIXZAREIYAZ39PECN0,Notebook,"6,144.91",Dell Latitude 5440
RODU's Notebook,Roberto Duarte (rodu),DL5E11E9FT,Notebook,"4,326.40",ASUS VivoBook 15 - Intel Core i7
RODU's Headset,Roberto Duarte (rodu),AXP0WFOY4DD1VN8L,Headset,223.75,Logitech H390 USB
RODU's Armário (72),Roberto Duarte (rodu),,Armário,0.00,
ROVI's Notebook,Rodrigo Vieira (rovi),FJDTVV2Y4X,Notebook,"3,596.75",Lenovo IdeaPad 1 - Intel Core i5
ROVI's Notebook,Rodrigo Vieira (rovi),KSS0KB68RE,Notebook,"4,443.62",Dell Vostro 15 - Intel Core i5
ROVI's Headset,Rodrigo Vieira (rovi),RVT997E4UNY181AC,Headset,223.75,Logitech H390 USB
EDMO's Notebook,Eduardo Moreira (edmo),JBC2SWSOZC,Notebook,"4,443.62",Dell Vostro 15 - Intel Core i5
EDMO's Headset,Eduardo Moreira (edmo),TWJLSH3TOW4YCZ04,Headset,223.75,Logitech H390 USB
LAPI's Headset,Larissa Pinto (lapi),CDPQVL00EZZF8S2Z,Headset,223.75,Logitech H390 USB
LAPI's Notebook,Larissa Pinto (lapi),GE2J51B3JC,Notebook,"4,443.62",Dell Vostro 15 - Intel Core i5
LUAZ's Notebook,Luciana Azevedo (luaz),ZUCQMRUNJD,Notebook,"4,327.40",ASUS VivoBook 15 - Intel Core i7
MAMO's Headset,Marcelo Moreira (mamo),U0ISB5IQNF74T60P,Headset,191.25,Plantronics Blackwire 3220
ANFI's Notebook,Andre Figueiredo (anfi),LOZJCNS6G2,Notebook,"4,514.18",Acer Aspire 5 - Intel Core i7
ANFI's Headset,Andre Figueiredo (anfi),98CQK4LTAHUKWQVR,Headset,191.25,Plantronics Blackwire 3220
VAMA's Headset,Vanessa Martins (vama),1H61IAOIM458AX40,Headset,223.75,Logitech H390 USB
VAMA's Notebook,Vanessa Martins (vama),DTIRC9ZD76,Notebook,"4,326.40",ASUS VivoBook 15 - Intel Core i7
HEBR's Notebook,Helena Braga (hebr),SZN9DDE3CU,Notebook,"4,819.54",Samsung Galaxy Book Go - Intel Core i5
HEBR's Headset,Helena Braga (hebr),P8IJL2Z0LJCH2VFF,Headset,191.25,Plantronics Blackwire 3220
DAPI's Headset,Daniel Pinheiro (dapi),QOT8HLJEFY3ZB4LD,Headset,223.75,Logitech H390 USB
DAPI's Notebook,Daniel Pinheiro (dapi),IMSYJ9BOQ0,Notebook,"4,443.62",Dell Vostro 15 - Intel Core i5
DAPI's Armário (140),Daniel Pinheiro (dapi),,Armário,0.00,
YABA's Headset,Yasmin Bastos (yaba),IQ2FA39E3NWXUJ3A,Headset,223.75,Logitech H390 USB
YABA's Notebook,Yasmin Bastos (yaba),C6PE63LBQG,Notebook,"4,514.18",Acer Aspire 5 - Intel Core i7
KARI's Headset,Karen Ribeiro (kari),U3OBYGHGK5BWIKOT,Headset,223.75,Logitech H390 USB
KARI's Notebook,Karen Ribeiro (kari),CKEH5SW229,Notebook,"3,844.71",Lenovo IdeaPad 3 - Intel Core i5
KARI's Estacionamento,Karen Ribeiro (kari),,Estacionamento,0.00,
REDU's Notebook,Renata Duarte (redu),2MTR6SNGLH,Notebook,"3,844.71",Lenovo IdeaPad 3 - Intel Core i5
REDU's Headset,Renata Duarte (redu),62C9T199DXJ37C9H,Headset,179.24,Sony MDR-ZX110
PRCA's Headset,Priscila Castro (prca),42M44GV3Z6BZ8UUG,Headset,179.24,Sony MDR-ZX110
PRCA's Notebook,Priscila Castro (prca),95RLRDIHSA,Notebook,"4,326.40",ASUS VivoBook 15 - Intel Core i7
PRCA's Estacionamento,Priscila Castro (prca),,Estacionamento,0.00,
YURA's Notebook,Yuri Ramos (yura),7HEZ74LAV7,Notebook,"4,443.62",Dell Vostro 15 - Intel Core i5
YURA's Headset,Yuri Ramos (yura),1448N7ODKEF828XG,Headset,191.25,Plantronics Blackwire 3220
LEMA's Headset,Leandro Machado (lema),8Y72IVGLYE088O98B,Headset,223.75,Logitech H390 USB
LEMA's Notebook,Leandro Machado (lema),V78HU7F0I9,Notebook,"4,326.40",ASUS VivoBook 15 - Intel Core i7
ALFE's Headset,Alexandre Ferreira (alfe),G5DZX5QJICJDAN08,Headset,191.25,Plantronics Blackwire 3220
ALFE's Notebook,Alexandre Ferreira (alfe),5RNTDR5XYF,Notebook,"4,443.62",Dell Vostro 15 - Intel Core i5
ROMO's Notebook,Roberto Monteiro (romo),C4KL8CGN0T,Notebook,"4,443.62",Dell Vostro 15 - Intel Core i5
ROMO's Headset,Roberto Monteiro (romo),6DVWRB7F6FDHGZZ0,Headset,191.25,Plantronics Blackwire 3220
ROMO's Armário (120),Roberto Monteiro (romo),,Armário,0.00,
ELNO's Notebook,Elisa Nogueira (elno),JKIBU4FMPK,Notebook,"3,844.71",Lenovo IdeaPad 3 - Intel Core i5
ELNO's Headset,Elisa Nogueira (elno),XVHAGKC4LORXDTG5,Headset,191.25,Plantronics Blackwire 3220
CLBA's Headset,Clara Barros (clba),NQJQIJC1YDMT8VT4,Headset,179.24,Sony MDR-ZX110
CLBA's Notebook,Clara Barros (clba),3PT5R5RC6Z,Notebook,"4,326.40",ASUS VivoBook 15 - Intel Core i7
CLBA's Armário (67),Clara Barros (clba),,Armário,0.00,
RAFO's Headset,Rafael Fonseca (rafo),S62YWE1G983EP9P9,Headset,191.25,Plantronics Blackwire 3220
RAFO's Notebook,Rafael Fonseca (rafo),W4J66CNOLJ,Notebook,"4,443.62",Dell Vostro 15 - Intel Core i5
Notebook,,Q52WSPOFV1,Notebook,"3,596.75",Lenovo IdeaPad 1 - Intel Core i5
Notebook,,77UDKTMONR,Notebook,"3,596.75",Lenovo IdeaPad 1 - Intel Core i5
Notebook (No Estoque),,VBJFVYB6LI,Notebook,"3,844.71",Lenovo IdeaPad 3 - Intel Core i5
Notebook,,076A3KKRZD,Notebook,"3,596.75",Lenovo IdeaPad 1 - Intel Core i5
Notebook (No Estoque),,5E9P3JPXGH,Notebook,"3,844.71",Lenovo IdeaPad 3 - Intel Core i5
Headset (No Estoque),,30153SFLSE45BG34,Headset,179.24,Sony MDR-ZX110
Headset (No Estoque),,IQ7ZJ3SWEBNVG5VM,Headset,949.88,Corsair HS50 Pro
Notebook (No Estoque),,F60YKNFU84,Notebook,"3,844.71",Lenovo IdeaPad 3 - Intel Core i5
Headset (No Estoque),,XYJOA21A6XVAJ2K8,Headset,223.75,Logitech H390 USB
Notebook (No Estoque),,XPNMJQY3OD,Notebook,"3,596.75",Lenovo IdeaPad 1 - Intel Core i5
Notebook,,SX4NXVKDC9,Notebook,"3,596.75",Lenovo IdeaPad 1 - Intel Core i5
Notebook (No Estoque),,X5JZ6KF162,Notebook,"3,844.71",Lenovo IdeaPad 3 - Intel Core i5
Notebook (No Estoque),,2VXYZX9JPN,Notebook,"3,596.75",Lenovo IdeaPad 1 - Intel Core i5
Headset (No Estoque),,BZUG0IT26YS445GD,Headset,191.25,Plantronics Blackwire 3220
Monitor,,EJ31GYMDM0L2,Monitor,655.36,"Dell S2421HN 23.8"" Full HD IPS"
Monitor,,LJK4Q5V7C6S5,Monitor,655.36,"Dell S2421HN 23.8"" Full HD IPS"
Monitor,,NKB4EHOU6QLZ,Monitor,655.36,"Dell S2421HN 23.8"" Full HD IPS"
Monitor,,2RWGWAJ1G1R1,Monitor,655.36,"Dell S2421HN 23.8"" Full HD IPS"
Internet e Outros Equipamentos,,DWWO8NBHNAL3GY,Internet e Outros Equipamentos,"1,248.61",Epson EcoTank L3250
Monitor,,WIYMENVG3KK0,Monitor,655.36,"Dell S2421HN 23.8"" Full HD IPS"
Monitor,,VM59M6MG87OI,Monitor,655.36,"Dell S2421HN 23.8"" Full HD IPS"
Monitor,,0E0VGNXB5JTB,Monitor,655.36,"Dell S2421HN 23.8"" Full HD IPS"
Monitor,,9XXAYPNTRFZW,Monitor,655.36,"Dell S2421HN 23.8"" Full HD IPS"
Monitor,,KXXJVE3DZEED,Monitor,655.36,"Dell S2421HN 23.8"" Full HD IPS"
Monitor,,HHJSHZKBRH7L,Monitor,655.36,"Dell S2421HN 23.8"" Full HD IPS"
Monitor,,AY64YFDS0DJI,Monitor,655.36,"Dell S2421HN 23.8"" Full HD IPS"
Internet e Outros Equipamentos,,9KQDGBK2L0D1,Internet e Outros Equipamentos,"1,374.99",Rode NT-USB Mini
Monitor,,B4XGMPW5D3GO,Monitor,655.36,"Dell S2421HN 23.8"" Full HD IPS"
Internet e Outros Equipamentos,,8JN42X2EZC7FO,Internet e Outros Equipamentos,"6,846.25",Canon EOS M50 Mark II
Notebook,,V2YGNMBY49,Notebook,"3,596.75",Lenovo IdeaPad 1 - Intel Core i5
Monitor,,E7EOBJLZY1UU,Monitor,655.36,"Dell S2421HN 23.8"" Full HD IPS"
Monitor,,9YMSZDXIMYN4,Monitor,655.36,"Dell S2421HN 23.8"" Full HD IPS"
Monitor,,U9BXF445CRI8,Monitor,655.36,"Dell S2421HN 23.8"" Full HD IPS"
Monitor,,BIXOIQ2Q4QER,Monitor,655.36,"Dell S2421HN 23.8"" Full HD IPS"
Monitor,,XDOUADVWKSHY,Monitor,655.36,"Dell S2421HN 23.8"" Full HD IPS"
Notebook (No Estoque),,8NBIQUWRXZ,Notebook,"3,596.75",Lenovo IdeaPad 1 - Intel Core i5
Monitor (No Estoque),,E1HM38KSZBFF,Monitor,655.36,"Dell S2421HN 23.8"" Full HD IPS"
Monitor,,ZZDVG7OQ2ZDO,Monitor,655.36,"Dell S2421HN 23.8"" Full HD IPS"
Monitor,,74V1QX8ERTB7,Monitor,655.36,"Dell S2421HN 23.8"" Full HD IPS"
Monitor,,4RS7GU0ENV5S,Monitor,655.36,"Dell S2421HN 23.8"" Full HD IPS"
Monitor,,N961J88QEOZ0,Monitor,655.36,"Dell S2421HN 23.8"" Full HD IPS"
Monitor,,KZ4Z7WHWKMY9,Monitor,655.36,"Dell S2421HN 23.8"" Full HD IPS"
Notebook,,X8SYLEMRUY,Notebook,"4,326.40",ASUS VivoBook 15 - Intel Core i7
Notebook (No Estoque),,P04K43SAFY,Notebook,"4,326.40",ASUS VivoBook 15 - Intel Core i7
Notebook (No Estoque),,H1FKJ4YK1B,Notebook,"4,326.40",ASUS VivoBook 15 - Intel Core i7
Notebook (No Estoque),,3D5050UI22,Notebook,"3,596.75",Lenovo IdeaPad 1 - Intel Core i5
Monitor,,KX7N89LTAJW2,Monitor,655.36,"Dell S2421HN 23.8"" Full HD IPS"
Monitor,,536ZX1TV18KG,Monitor,655.36,"Dell S2421HN 23.8"" Full HD IPS"
Monitor,,YGGSNPUEVJLZ,Monitor,631.94,"Dell S2421HN 23.8"" Full HD IPS"
Monitor,,FFLB7WXRUM2L,Monitor,655.36,"Dell S2421HN 23.8"" Full HD IPS"
Monitor,,HGCSOTDHHLMH,Monitor,655.36,"Dell S2421HN 23.8"" Full HD IPS"
Monitor,,1T939AYQ6WW8,Monitor,655.36,"Dell S2421HN 23.8"" Full HD IPS"
Monitor,,YL68NTK63N2Q,Monitor,655.36,"Dell S2421HN 23.8"" Full HD IPS"
Monitor,,B6GS8G8TACY1,Monitor,655.36,"Dell S2421HN 23.8"" Full HD IPS"
Monitor,,5PDTZ91X70FQ,Monitor,655.36,"Dell S2421HN 23.8"" Full HD IPS"
Monitor,,LDB2UUIJNWPA,Monitor,655.36,"Dell S2421HN 23.8"" Full HD IPS"
Monitor,,YTXW1VZC7D2K,Monitor,655.36,"Dell S2421HN 23.8"" Full HD IPS"
Monitor,,D1POXRTEO2T8,Monitor,655.36,"Dell S2421HN 23.8"" Full HD IPS"
Monitor,,FY620N8TTEAV,Monitor,655.36,"Dell S2421HN 23.8"" Full HD IPS"
Monitor,,T8K06MOXSFH4,Monitor,655.36,"Dell S2421HN 23.8"" Full HD IPS"
Monitor,,GG24479QTKCD,Monitor,655.36,"Dell S2421HN 23.8"" Full HD IPS"
Monitor,,0RLEXDW6LQWL,Monitor,655.36,"Dell S2421HN 23.8"" Full HD IPS"
Monitor,,VUNLPAIH0P4E,Monitor,655.36,"Dell S2421HN 23.8"" Full HD IPS"
Notebook (No Estoque),,05QMKTGV44,Notebook,"3,596.75",Lenovo IdeaPad 1 - Intel Core i5
Notebook,,FTJ5CCASBU,Notebook,"3,596.75",Lenovo IdeaPad 1 - Intel Core i5
Monitor,,OV6TT9Q1NI10,Monitor,655.36,"Dell S2421HN 23.8"" Full HD IPS"
Monitor,,KQSOSX43WFSQ,Monitor,655.36,"Dell S2421HN 23.8"" Full HD IPS"
Monitor,,G8X80RMHRCNB,Monitor,655.36,"Dell S2421HN 23.8"" Full HD IPS"
Monitor,,H6NQQB9LZS34,Monitor,655.36,"Dell S2421HN 23.8"" Full HD IPS"
Headset (No Estoque),,JTGXNX4SN6SM5RRV,Headset,179.24,Sony MDR-ZX110
Notebook,,SFFCXHGNZE,Notebook,"3,596.75",Lenovo IdeaPad 1 - Intel Core i5
Monitor,,I3ZRRHF4ABUF,Monitor,655.36,"Dell S2421HN 23.8"" Full HD IPS"
Notebook (No Estoque),,WBUCJG8VUA,Notebook,"3,844.71",Lenovo IdeaPad 3 - Intel Core i5
Notebook (No Estoque),,ZXKDQ95G3V,Notebook,"4,443.62",Dell Vostro 15 - Intel Core i5
Monitor,,23GXJ0MQVIND,Monitor,655.36,"Dell S2421HN 23.8"" Full HD IPS"
Monitor,,H4SPFDRWB2SE,Monitor,655.36,"Dell S2421HN 23.8"" Full HD IPS"
Notebook (No Estoque),,REV361XSNB,Notebook,"3,844.71",Lenovo IdeaPad 3 - Intel Core i5
Monitor,,TI22NV01ZDER,Monitor,655.36,"Dell S2421HN 23.8"" Full HD IPS"
Monitor,,I4K5OGZ2UEAX,Monitor,655.36,"Dell S2421HN 23.8"" Full HD IPS"
Notebook (No Estoque),,YLNFXJ4PNJ,Notebook,"3,844.71",Lenovo IdeaPad 3 - Intel Core i5
Monitor,,Y1O2RNTJLMZ0,Monitor,655.36,"Dell S2421HN 23.8"" Full HD IPS"
Headset (No Estoque),,4X0QZFHOMTZZF8AD,Headset,223.75,Logitech H390 USB
Monitor,,F7PCHCBN9WSZ,Monitor,655.36,"Dell S2421HN 23.8"" Full HD IPS"
Monitor,,V83XPHX2KBVS,Monitor,655.36,"Dell S2421HN 23.8"" Full HD IPS"
Notebook,,IGBIAF92MO,Notebook,"3,596.75",Lenovo IdeaPad 1 - Intel Core i5
Notebook (No Estoque),,VS0CDK36M8,Notebook,"4,443.62",Dell Vostro 15 - Intel Core i5
Monitor,,JVH7UJODCK82,Monitor,655.36,"Dell S2421HN 23.8"" Full HD IPS"
Monitor,,853UY8U118QQ,Monitor,655.36,"Dell S2421HN 23.8"" Full HD IPS"
Notebook (No Estoque),,VAECW9YIL8,Notebook,"3,844.71",Lenovo IdeaPad 3 - Intel Core i5
Monitor,,SA3IDY3C7RM6,Monitor,655.36,"Dell S2421HN 23.8"" Full HD IPS"
Headset (No Estoque),,J8Y6RH05HHIWFD7Y,Headset,179.24,Sony MDR-ZX110
Monitor,,XW1TBRWR965R,Monitor,655.36,"Dell S2421HN 23.8"" Full HD IPS"
Monitor,,96KHUB2RTSOY,Monitor,655.36,"Dell S2421HN 23.8"" Full HD IPS"
Monitor,,G9ZQYAHULWJT,Monitor,655.36,"Dell S2421HN 23.8"" Full HD IPS"
Monitor,,IQWNRHZN4KGE,Monitor,655.36,"Dell S2421HN 23.8"" Full HD IPS"
Monitor,,UIDJIPNF8F3G,Monitor,655.36,"Dell S2421HN 23.8"" Full HD IPS"
Monitor,,R94SZ2KUUOYC,Monitor,655.36,"Dell S2421HN 23.8"" Full HD IPS"
Notebook (No Estoque),,3RWQMMU7JA,Notebook,"3,596.75",Lenovo IdeaPad 1 - Intel Core i5
Monitor,,E58HUXG2MYR0,Monitor,655.36,"Dell S2421HN 23.8"" Full HD IPS"
Monitor,,6NKWFG3MWU4C,Monitor,655.36,"Dell S2421HN 23.8"" Full HD IPS"
Monitor,,FILKJXJQ5NV8,Monitor,655.36,"Dell S2421HN 23.8"" Full HD IPS"
Headset (No Estoque),,OGA0X7ZCGDC5TAO1,Headset,223.75,Logitech H390 USB
Headset (No Estoque),,CJFX5LIKWE4BX4LR,Headset,223.75,Logitech H390 USB
Monitor,,9TJQ8ZGVWWUS,Monitor,655.36,"Dell S2421HN 23.8"" Full HD IPS"
Headset (No Estoque),,XLMT2PNJKA34MQA7,Headset,223.75,Logitech H390 USB
Monitor,,8RAPKIANOUOF,Monitor,655.36,"Dell S2421HN 23.8"" Full HD IPS"
Notebook (No Estoque),,0ONJPI163Y,Notebook,"4,443.62",Dell Vostro 15 - Intel Core i5
Monitor,,K03O4GKWWJWG,Monitor,655.36,"Dell S2421HN 23.8"" Full HD IPS"
Monitor,,ABTGDJZ0IFRM,Monitor,655.36,"Dell S2421HN 23.8"" Full HD IPS"
Notebook (No Estoque),,L29Q2L48C1,Notebook,"3,596.75",Lenovo IdeaPad 1 - Intel Core i5
Monitor,,CQG433E1I1P0,Monitor,655.36,"Dell S2421HN 23.8"" Full HD IPS"
Monitor,,BQ1S9RYLLWB7,Monitor,655.36,"Dell S2421HN 23.8"" Full HD IPS"
Headset (No Estoque),,SJWH55HEWLGJE2AB,Headset,223.75,Logitech H390 USB
Notebook (No Estoque),,2RVNDFDW79,Notebook,"3,844.71",Lenovo IdeaPad 3 - Intel Core i5
Monitor,,WCXZ2EI9212P,Monitor,655.36,"Dell S2421HN 23.8"" Full HD IPS"
Headset (No Estoque),,GYME6RPKZGGM0J36,Headset,223.75,Logitech H390 USB
Notebook (No Estoque),,TCFKJNAWNG,Notebook,"3,844.71",Lenovo IdeaPad 3 - Intel Core i5
Monitor,,A41IZXTNSRTW,Monitor,655.36,"Dell S2421HN 23.8"" Full HD IPS"
Monitor,,LXDSC4E5HRDU,Monitor,655.36,"Dell S2421HN 23.8"" Full HD IPS"
Notebook (No Estoque),,4XSZJNVC7H,Notebook,"4,326.40",ASUS VivoBook 15 - Intel Core i7
Monitor,,R6C2CU7ONZ3J,Monitor,655.36,"Dell S2421HN 23.8"" Full HD IPS"
Notebook,,BCK88D0TGS,Notebook,"3,596.75",Lenovo IdeaPad 1 - Intel Core i5
Monitor,,IWG0ODWMQX5G,Monitor,655.36,"Dell S2421HN 23.8"" Full HD IPS"
Monitor,,GOMF9PML9LN1,Monitor,655.36,"Dell S2421HN 23.8"" Full HD IPS"
Notebook (No Estoque),,P0VUH17J8Q,Notebook,"3,844.71",Lenovo IdeaPad 3 - Intel Core i5
Notebook (No Estoque),,O09VS9KKH4,Notebook,"4,443.62",Dell Vostro 15 - Intel Core i5
Monitor,,A3YJTU7FBMEN,Monitor,655.36,"Dell S2421HN 23.8"" Full HD IPS"
Monitor,,UI3DO7002G3Y,Monitor,655.36,"Dell S2421HN 23.8"" Full HD IPS"
Monitor,,U6VK0UCC1M3O,Monitor,655.36,"Dell S2421HN 23.8"" Full HD IPS"
Headset (No Estoque),,55IXVA1NKBTFSHB0,Headset,223.75,Logitech H390 USB
Monitor,,OQVSHKOECUBO,Monitor,655.36,"Dell S2421HN 23.8"" Full HD IPS"
Headset (No Estoque),,DS1EEURXHW0IC1L7,Headset,223.75,Logitech H390 USB
Monitor,,DYPMLVAK9W9P,Monitor,655.36,"Dell S2421HN 23.8"" Full HD IPS"
Monitor,,FB3HN14EB875,Monitor,655.36,"Dell S2421HN 23.8"" Full HD IPS"
Notebook (No Estoque),,3AYEQAHTHS,Notebook,"3,596.75",Lenovo IdeaPad 1 - Intel Core i5
Headset (No Estoque),,JR0FZAUXBGK2WBXA,Headset,223.75,Logitech H390 USB
Monitor,,NJ4X5A5XIN9D,Monitor,655.36,"Dell S2421HN 23.8"" Full HD IPS"
Monitor,,L5TGSQ7AITMO,Monitor,655.36,"Dell S2421HN 23.8"" Full HD IPS"
Notebook (No Estoque),,FMMWI9S3W5,Notebook,"3,596.75",Lenovo IdeaPad 1 - Intel Core i5
Headset (No Estoque),,63BTKF6XDN8WWIIF,Headset,223.75,Logitech H390 USB
Headset (No Estoque),,86LTHET25LZSE99F,Headset,223.75,Logitech H390 USB
Monitor,,77LU8EL5015O,Monitor,655.36,"Dell S2421HN 23.8"" Full HD IPS"
Notebook (No Estoque),,OP767J2DG1,Notebook,"4,514.18",Acer Aspire 5 - Intel Core i7
Headset (No Estoque),,WJUIIYMYRSVZN4RE,Headset,223.75,Logitech H390 USB
Monitor,,GB1AJO091C79,Monitor,655.36,"Dell S2421HN 23.8"" Full HD IPS"
Notebook (No Estoque),,5RLQIOB0NL,Notebook,"4,443.62",Dell Vostro 15 - Intel Core i5
Monitor,,W0VS52SQ3B9S,Monitor,655.36,"Dell S2421HN 23.8"" Full HD IPS"
Monitor,,O0USWBKOK3QP,Monitor,655.36,"Dell S2421HN 23.8"" Full HD IPS"
Monitor,,WBSF3Q0E27ZE,Monitor,655.36,"Dell S2421HN 23.8"" Full HD IPS"
Monitor,,OQGVZHQJY62Z,Monitor,655.36,"Dell S2421HN 23.8"" Full HD IPS"
Monitor,,EEQNSN2S8NN1,Monitor,655.36,"Dell S2421HN 23.8"" Full HD IPS"
Monitor,,6UXF5GZPL1QW,Monitor,655.36,"Dell S2421HN 23.8"" Full HD IPS"
Notebook,,EEHWJQ4TA5,Notebook,"3,596.75",Lenovo IdeaPad 1 - Intel Core i5
Headset (No Estoque),,IVROCVITWU3BFXB4,Headset,191.25,Plantronics Blackwire 3220
Headset (No Estoque),,Y4K7BPGYVYV2GQU7,Headset,191.25,Plantronics Blackwire 3220
Headset (No Estoque),,DKNNCPTKEZJSSZWD,Headset,191.25,Plantronics Blackwire 3220
Headset (No Estoque),,0W9RY79KVLS9MEUS,Headset,191.25,Plantronics Blackwire 3220
Headset (No Estoque),,WRGVZ9AAWE429OMU,Headset,191.25,Plantronics Blackwire 3220
Headset (No Estoque),,WAHK2LSLAYM0WBGL,Headset,187.82,Plantronics Blackwire 3220
Headset (No Estoque),,MY62XRW6TM2O04K0,Headset,191.25,Plantronics Blackwire 3220
Headset (No Estoque),,LTHY25M8KB9W4UOV,Headset,191.25,Plantronics Blackwire 3220
Headset (No Estoque),,51ZLBORIQ8HKE226,Headset,191.25,Plantronics Blackwire 3220
Headset (No Estoque),,PARSG70S1F537YE0,Headset,191.25,Plantronics Blackwire 3220
Headset (No Estoque),,QZSA7YVDQBSXLUL6,Headset,191.25,Plantronics Blackwire 3220
Headset (No Estoque),,LGJLPEFJAWSHMLFZ,Headset,187.82,Plantronics Blackwire 3220
Headset (No Estoque),,KICWMPEQYDBPGVV4,Headset,191.25,Plantronics Blackwire 3220
Monitor,,ZWL3ZYT91QE3,Monitor,655.36,"Dell S2421HN 23.8"" Full HD IPS"
Monitor,,7QQYZQII4W6O,Monitor,655.36,"Dell S2421HN 23.8"" Full HD IPS"
Notebook (No Estoque),,ZX25QBRMQG,Notebook,"4,326.40",ASUS VivoBook 15 - Intel Core i7
Notebook (No Estoque),,1VED32LX2T,Notebook,"4,326.40",ASUS VivoBook 15 - Intel Core i7
Notebook (No Estoque),,OOWT9NM3V2,Notebook,"4,514.18",Acer Aspire 5 - Intel Core i7
Notebook (No Estoque),,P2TIXC7URV,Notebook,"4,819.54",Samsung Galaxy Book Go - Intel Core i5
Notebook,,QT3G8CD31N,Notebook,"4,819.54",Samsung Galaxy Book Go - Intel Core i5
Notebook (No Estoque),,RXD356WAFF,Notebook,"4,819.54",Samsung Galaxy Book Go - Intel Core i5
Monitor,,TOUHYLU6K7P9MDA,Monitor,655.36,"AOC 24B2XH 23.8"" Full HD IPS 75Hz"
Monitor,,9OEKNTBZ3M55IZO,Monitor,631.94,"AOC 24B2XH 23.8"" Full HD IPS 75Hz"
Monitor,,LNNTXRGN74F9YEC,Monitor,631.94,"AOC 24B2XH 23.8"" Full HD IPS 75Hz"
Monitor,,AZRP9DXOQ2VPGST,Monitor,631.94,"AOC 24B2XH 23.8"" Full HD IPS 75Hz"
Monitor,,QMGVU4ISOTN9UZE,Monitor,655.36,"AOC 24B2XH 23.8"" Full HD IPS 75Hz"
Monitor,,RYF0992QC6DR08C,Monitor,655.36,"AOC 24B2XH 23.8"" Full HD IPS 75Hz"
Monitor,,W2LBM2QSQ0P82KB,Monitor,655.36,"AOC 24B2XH 23.8"" Full HD IPS 75Hz"
Monitor,,700UCRGB93WKCS4,Monitor,655.36,"AOC 24B2XH 23.8"" Full HD IPS 75Hz"
Monitor,,KEK4AEGVFQ3JZR2,Monitor,655.36,"AOC 24B2XH 23.8"" Full HD IPS 75Hz"
Monitor,,5MDF7FR91IPWH0M,Monitor,655.36,"AOC 24B2XH 23.8"" Full HD IPS 75Hz"
Monitor,,X1EGOK01TNZRF5A,Monitor,655.36,"AOC 24B2XH 23.8"" Full HD IPS 75Hz"
Monitor,,7QY8YB7W8P74MJD,Monitor,655.36,"AOC 24B2XH 23.8"" Full HD IPS 75Hz"
Monitor,,XO100VHMYGTY3AD,Monitor,655.36,"AOC 24B2XH 23.8"" Full HD IPS 75Hz"
Monitor,,DQHKGAD7X48WZE4,Monitor,655.36,"AOC 24B2XH 23.8"" Full HD IPS 75Hz"
Monitor,,EX6U86ZJQ7W7JP6,Monitor,655.36,"AOC 24B2XH 23.8"" Full HD IPS 75Hz"
Monitor,,1LFC1NLC8JPR7VG,Monitor,631.94,"AOC 24B2XH 23.8"" Full HD IPS 75Hz"
Monitor,,RF1HX6ZDCUJQ6FX,Monitor,631.94,"AOC 24B2XH 23.8"" Full HD IPS 75Hz"
Monitor,,7XJZ6US7RP422TA,Monitor,631.94,"AOC 24B2XH 23.8"" Full HD IPS 75Hz"
Monitor (No Estoque),,83RU7MYOW8DT8CQ,Monitor,655.36,"AOC 24B2XH 23.8"" Full HD IPS 75Hz"
Monitor,,1XGBNGZ6WMDW0FG,Monitor,655.36,"AOC 24B2XH 23.8"" Full HD IPS 75Hz"
Monitor,,ZVRCTLT4Q9BC2BE,Monitor,655.36,"AOC 24B2XH 23.8"" Full HD IPS 75Hz"
Monitor,,3YQY5FU7BFXQ7BZ,Monitor,655.36,"AOC 24B2XH 23.8"" Full HD IPS 75Hz"
Monitor,,EGBL2QGV3DR2H2P,Monitor,655.36,"AOC 24B2XH 23.8"" Full HD IPS 75Hz"
Monitor,,39YL9UE421VMEFO,Monitor,655.36,"AOC 24B2XH 23.8"" Full HD IPS 75Hz"
Monitor,,ZTP7BD4W1ARAGDX,Monitor,655.36,"AOC 24B2XH 23.8"" Full HD IPS 75Hz"
Monitor,,5O31YHXSO7VBGR8,Monitor,655.36,"AOC 24B2XH 23.8"" Full HD IPS 75Hz"
Monitor,,W2MAIETDN1TH1XJ,Monitor,655.36,"AOC 24B2XH 23.8"" Full HD IPS 75Hz"
Monitor,,G2Y8RGYBXKPM21B,Monitor,655.36,"AOC 24B2XH 23.8"" Full HD IPS 75Hz"
Monitor,,07G2RE6ZVLHYL2L,Monitor,655.36,"AOC 24B2XH 23.8"" Full HD IPS 75Hz"
Monitor,,D05NHQR6F7QNEZW,Monitor,655.36,"AOC 24B2XH 23.8"" Full HD IPS 75Hz"
Monitor,,9HEYCE4QGM5V2WW,Monitor,655.36,"AOC 24B2XH 23.8"" Full HD IPS 75Hz"
Monitor,,G84D4R9V4K00ILU,Monitor,655.36,"AOC 24B2XH 23.8"" Full HD IPS 75Hz"
Monitor,,6VFUA9BQ1BTR23Q,Monitor,655.36,"AOC 24B2XH 23.8"" Full HD IPS 75Hz"
Monitor,,IUA08EKXDRKZ40A,Monitor,655.36,"AOC 24B2XH 23.8"" Full HD IPS 75Hz"
Monitor,,Q15O2NQW4C6LBPJ,Monitor,655.36,"AOC 24B2XH 23.8"" Full HD IPS 75Hz"
Monitor,,8T22C50B8Y5DNWN,Monitor,655.36,"AOC 24B2XH 23.8"" Full HD IPS 75Hz"
Monitor,,GUCZH9IER7U8H0I,Monitor,655.36,"AOC 24B2XH 23.8"" Full HD IPS 75Hz"
Monitor,,MJYJCMRSEZYTKW2,Monitor,655.36,"AOC 24B2XH 23.8"" Full HD IPS 75Hz"
Monitor,,837C6QC6K8DJZR5,Monitor,655.36,"AOC 24B2XH 23.8"" Full HD IPS 75Hz"
Monitor,,SWK8TEMPXKC5I8X,Monitor,655.36,"AOC 24B2XH 23.8"" Full HD IPS 75Hz"
Monitor,,OMXLVZ4QKE2GJR8,Monitor,655.36,"AOC 24B2XH 23.8"" Full HD IPS 75Hz"
Monitor,,1BMQF7ZK94YXFIB,Monitor,655.36,"AOC 24B2XH 23.8"" Full HD IPS 75Hz"
Headset (No Estoque),,LEJGUBLMNTFK7ORF,Headset,223.75,Logitech H390 USB
Headset (No Estoque),,QLA09LZRK79UFU6P,Headset,191.25,Plantronics Blackwire 3220
Headset (No Estoque),,Y06FTLO4QDBXVH7K,Headset,191.25,Plantronics Blackwire 3220
Monitor,,ATQYDSHLV76MF4N,Monitor,655.36,"AOC 24B2XH 23.8"" Full HD IPS 75Hz"
Monitor,,NKM95D0P92K38P6,Monitor,631.94,"AOC 24B2XH 23.8"" Full HD IPS 75Hz"
Monitor,,FVDHR59C81DO6OU,Monitor,631.94,"AOC 24B2XH 23.8"" Full HD IPS 75Hz"
Monitor,,Z1EGNTB34KUQAAJ,Monitor,631.94,"AOC 24B2XH 23.8"" Full HD IPS 75Hz"
Monitor,,84RX6PRYIEJ9C0U,Monitor,631.94,"AOC 24B2XH 23.8"" Full HD IPS 75Hz"
Monitor,,U5WRYESU4FCL5EF,Monitor,631.94,"AOC 24B2XH 23.8"" Full HD IPS 75Hz"
Monitor,,JP6MKT7S1GD1T53,Monitor,631.94,"AOC 24B2XH 23.8"" Full HD IPS 75Hz"
Monitor,,YKYYDU3ASNRM6DF,Monitor,631.94,"AOC 24B2XH 23.8"" Full HD IPS 75Hz"
Monitor,,HG6W3STT1EQC37R,Monitor,631.94,"AOC 24B2XH 23.8"" Full HD IPS 75Hz"
Monitor,,LN36V1MZB3I4FIE,Monitor,631.94,"AOC 24B2XH 23.8"" Full HD IPS 75Hz"
Monitor,,ECY2C11BD2SCEJC,Monitor,631.94,"AOC 24B2XH 23.8"" Full HD IPS 75Hz"
Monitor,,Y127H6GMD478MFS,Monitor,631.94,"AOC 24B2XH 23.8"" Full HD IPS 75Hz"
Monitor,,0IUDUAHGK6T9DHS,Monitor,631.94,"AOC 24B2XH 23.8"" Full HD IPS 75Hz"
Monitor,,ZNVP8GMNHIE9EDE,Monitor,631.94,"AOC 24B2XH 23.8"" Full HD IPS 75Hz"
Monitor,,1ZUBLEKVL9PTK4G,Monitor,631.94,"AOC 24B2XH 23.8"" Full HD IPS 75Hz"
Monitor,,C4RYG9RDPXDFOVD,Monitor,631.94,"AOC 24B2XH 23.8"" Full HD IPS 75Hz"
Monitor,,79C9MV9E40KZUJ2,Monitor,631.94,"AOC 24B2XH 23.8"" Full HD IPS 75Hz"
Monitor,,XORVORK1DJRWEDB,Monitor,631.94,"AOC 24B2XH 23.8"" Full HD IPS 75Hz"
Monitor,,CY8NYFWDC112HXR,Monitor,631.94,"AOC 24B2XH 23.8"" Full HD IPS 75Hz"
Monitor,,JM4T8BP6NLNQBU4,Monitor,631.94,"AOC 24B2XH 23.8"" Full HD IPS 75Hz"
Monitor,,KZREZRDYXYUR4SO,Monitor,631.94,"AOC 24B2XH 23.8"" Full HD IPS 75Hz"
Monitor,,R8WM9LBB4M0A6MD,Monitor,631.94,"AOC 24B2XH 23.8"" Full HD IPS 75Hz"
Monitor,,MMMXIXV6CKMALQ5,Monitor,631.94,"AOC 24B2XH 23.8"" Full HD IPS 75Hz"
Monitor,,U6JZV9NOU3DYMS1,Monitor,631.94,"AOC 24B2XH 23.8"" Full HD IPS 75Hz"
Estacionamento (Livre),,,Estacionamento,0.00,
Monitor,,MWNPR424TKB9OI0,Monitor,631.94,"AOC 24B2XH 23.8"" Full HD IPS 75Hz"
Headset (No Estoque),,D4DMC2RH2XK2PTHO,Headset,191.25,Plantronics Blackwire 3220
Headset (No Estoque),,WQ1GAZ5UH80Q7TW1,Headset,191.25,Plantronics Blackwire 3220
Headset (No Estoque),,PUWSNFFYKPL3CHO3,Headset,191.25,Plantronics Blackwire 3220
Armário (57),,,Armário,0.00,
Armário (58),,,Armário,0.00,
Armário (59),,,Armário,0.00,
Armário (60),,,Armário,0.00,
Armário (61),,,Armário,0.00,
Armário (63),,,Armário,0.00,
Armário (64),,,Armário,0.00,
Armário (65),,,Armário,0.00,
Armário (70),,,Armário,0.00,
Armário (71),,,Armário,0.00,
Armário (73),,,Armário,0.00,
Armário (76),,,Armário,0.00,
Armário (79),,,Armário,0.00,
Armário (80),,,Armário,0.00,
Armário (81),,,Armário,0.00,
Armário (82),,,Armário,0.00,
Armário (84),,,Armário,0.00,
Armário (85),,,Armário,0.00,
Armário (87),,,Armário,0.00,
Armário (89),,,Armário,0.00,
Armário (90),,,Armário,0.00,
Armário (91),,,Armário,0.00,
Armário (92),,,Armário,0.00,
Armário (94),,,Armário,0.00,
Armário (95),,,Armário,0.00,
Armário (96),,,Armário,0.00,
Armário (97),,,Armário,0.00,
Armário (98),,,Armário,0.00,
Armário (99),,,Armário,0.00,
Armário (101),,,Armário,0.00,
Armário (102),,,Armário,0.00,
Armário (103),,,Armário,0.00,
Armário (104),,,Armário,0.00,
Armário (105),,,Armário,0.00,
Armário (106),,,Armário,0.00,
Armário (107),,,Armário,0.00,
Armário (108),,,Armário,0.00,
Armário (110),,,Armário,0.00,
Armário (111),,,Armário,0.00,
Armário (112),,,Armário,0.00,
Armário (113),,,Armário,0.00,
Armário (114),,,Armário,0.00,
Armário (115),,,Armário,0.00,
Armário (118),,,Armário,0.00,
Armário (119),,,Armário,0.00,
Armário (122),,,Armário,0.00,
Armário (124),,,Armário,0.00,
Armário (125),,,Armário,0.00,
Armário (126),,,Armário,0.00,
Armário (127),,,Armário,0.00,
Armário (128),,,Armário,0.00,
Armário (129),,,Armário,0.00,
Armário (131),,,Armário,0.00,
Armário (132),,,Armário,0.00,
Armário (133),,,Armário,0.00,
Armário (134),,,Armário,0.00,
Armário (135),,,Armário,0.00,
Armário (136),,,Armário,0.00,
Armário (137),,,Armário,0.00,
Armário (144),,,Armário,0.00,
Armário (145),,,Armário,0.00,
Armário (146),,,Armário,0.00,
Armário (147),,,Armário,0.00,
Armário (148),,,Armário,0.00,
Monitor,,XJVOEGI3QUPX,Monitor,655.36,"Dell S2421HN 23.8"" Full HD IPS"
Monitor,,BFEJ2XG48RA4DV5,Monitor,655.36,"AOC 24B2XH 23.8"" Full HD IPS 75Hz"
Monitor,,6ONXD70FE07S387,Monitor,655.36,"AOC 24B2XH 23.8"" Full HD IPS 75Hz"
Monitor,,J5IE3LVO0IPFG8P,Monitor,655.36,"AOC 24B2XH 23.8"" Full HD IPS 75Hz"
Monitor,,JVRN8LPY857NZ3A,Monitor,655.36,"AOC 24B2XH 23.8"" Full HD IPS 75Hz"
Monitor,,8V4X7Y2ITL8N3E5,Monitor,655.36,"AOC 24B2XH 23.8"" Full HD IPS 75Hz"
Monitor,,4N6O9JD3IH66W51,Monitor,655.36,"AOC 24B2XH 23.8"" Full HD IPS 75Hz"
Monitor,,OB537QO4Z533ZSM,Monitor,655.36,"AOC 24B2XH 23.8"" Full HD IPS 75Hz"
Monitor,,V30QABXW2EOWLCF,Monitor,655.36,"AOC 24B2XH 23.8"" Full HD IPS 75Hz"
Monitor,,S8314Y2LR0JY32H,Monitor,631.94,"AOC 24B2XH 23.8"" Full HD IPS 75Hz"
Monitor,,OG585I87XW69HZG,Monitor,631.94,"AOC 24B2XH 23.8"" Full HD IPS 75Hz"
Monitor,,OPJDN8EZP7QYEZG,Monitor,631.94,"AOC 24B2XH 23.8"" Full HD IPS 75Hz"
Monitor,,52KRE4V9KYPOFKJ,Monitor,631.94,"AOC 24B2XH 23.8"" Full HD IPS 75Hz"
Monitor,,W6NYQAELYYZZ0JD,Monitor,631.94,"AOC 24B2XH 23.8"" Full HD IPS 75Hz"
Monitor,,CLI6978V0BJWKON,Monitor,631.94,"AOC 24B2XH 23.8"" Full HD IPS 75Hz"
Monitor,,8UUJS75ELTFEBE5,Monitor,631.94,"AOC 24B2XH 23.8"" Full HD IPS 75Hz"
Monitor,,407K5W1JL6L91F4,Monitor,631.94,"AOC 24B2XH 23.8"" Full HD IPS 75Hz"
Monitor,,X2BFIBJZP97BMZR,Monitor,631.94,"AOC 24B2XH 23.8"" Full HD IPS 75Hz"
Monitor,,R45ED5GGSJ6VV8S,Monitor,631.94,"AOC 24B2XH 23.8"" Full HD IPS 75Hz"
Monitor,,UOC1Y5AYYOV84FC,Monitor,631.94,"AOC 24B2XH 23.8"" Full HD IPS 75Hz"
Monitor,,3XQ8VA8X8L008UH,Monitor,631.94,"AOC 24B2XH 23.8"" Full HD IPS 75Hz"
Monitor,,BXLBC8NOG85D4F2,Monitor,631.94,"AOC 24B2XH 23.8"" Full HD IPS 75Hz"
Monitor,,K1XERP3LYEX3SR5,Monitor,631.94,"AOC 24B2XH 23.8"" Full HD IPS 75Hz"
Monitor,,RUP13WPPBMQIYFR,Monitor,631.94,"AOC 24B2XH 23.8"" Full HD IPS 75Hz"
Monitor,,WSKP6RFE64SKBCB,Monitor,631.94,"AOC 24B2XH 23.8"" Full HD IPS 75Hz"
Monitor,,DPDXUJJCSEXGGOC,Monitor,631.94,"AOC 24B2XH 23.8"" Full HD IPS 75Hz"
Monitor,,5KVQYWJ85GG0V5D,Monitor,631.94,"AOC 24B2XH 23.8"" Full HD IPS 75Hz"
Monitor,,TAEGRY58VRW9MYY,Monitor,631.94,"AOC 24B2XH 23.8"" Full HD IPS 75Hz"
Monitor,,OKEAEA84HXXPW2G,Monitor,631.94,"AOC 24B2XH 23.8"" Full HD IPS 75Hz"
Monitor,,KQRAFFZ8Q4VHU4B,Monitor,631.94,"AOC 24B2XH 23.8"" Full HD IPS 75Hz"
Monitor,,AWZ940VTKRRVWY3,Monitor,631.94,"AOC 24B2XH 23.8"" Full HD IPS 75Hz"
Monitor,,RZTPLC6PRR7MZAK,Monitor,631.94,"AOC 24B2XH 23.8"" Full HD IPS 75Hz"
Monitor,,GMIH6MV4XEKZ83Y,Monitor,631.94,"AOC 24B2XH 23.8"" Full HD IPS 75Hz"
Monitor,,0224WK0YEHVDO9K,Monitor,631.94,"AOC 24B2XH 23.8"" Full HD IPS 75Hz"
Monitor,,HBA5MF36BCPWEIJ,Monitor,631.94,"AOC 24B2XH 23.8"" Full HD IPS 75Hz"
Monitor,,MMB5JFYSYZ7PQ4D,Monitor,631.94,"AOC 24B2XH 23.8"" Full HD IPS 75Hz"
Monitor,,DV283BDW56FKPS0,Monitor,631.94,"AOC 24B2XH 23.8"" Full HD IPS 75Hz"
Monitor,,DXME4PO1I3MSDN1,Monitor,631.94,"AOC 24B2XH 23.8"" Full HD IPS 75Hz"
Monitor,,MXF1PI2OOQ42NBF,Monitor,631.94,"AOC 24B2XH 23.8"" Full HD IPS 75Hz"
Monitor,,A37DL9FC1XX6CWZ,Monitor,631.94,"AOC 24B2XH 23.8"" Full HD IPS 75Hz"
Monitor,,XSKOYTK06AKT7ZQ,Monitor,631.94,"AOC 24B2XH 23.8"" Full HD IPS 75Hz"
Monitor,,HT2XZ52OHKBM00E,Monitor,631.94,"AOC 24B2XH 23.8"" Full HD IPS 75Hz"
Monitor,,9KDTS1FB2VI109D,Monitor,631.94,"AOC 24B2XH 23.8"" Full HD IPS 75Hz"
Monitor,,CNWMBXEK0Q929U6,Monitor,631.94,"AOC 24B2XH 23.8"" Full HD IPS 75Hz"
Monitor,,WTVMK2ZYZSILU3N,Monitor,631.94,"AOC 24B2XH 23.8"" Full HD IPS 75Hz"
Monitor,,DZ3CC5RQNSVSOJR,Monitor,631.94,"AOC 24B2XH 23.8"" Full HD IPS 75Hz"
Monitor,,PP7R93FEZEZ5EHR,Monitor,631.94,"AOC 24B2XH 23.8"" Full HD IPS 75Hz"
Monitor,,07N8VOEUBFN9KR2,Monitor,631.94,"AOC 24B2XH 23.8"" Full HD IPS 75Hz"
Monitor,,FVB66H3REM5PUU6,Monitor,631.94,"AOC 24B2XH 23.8"" Full HD IPS 75Hz"
Estacionamento (Livre),,,Estacionamento,0.00,
Estacionamento (Livre),,,Estacionamento,0.00,
Monitor,,2RZV1SQQQ5L2XOI,Monitor,631.94,"AOC 24B2XH 23.8"" Full HD IPS 75Hz"
Monitor,,OT860X5ZU2ZU,Monitor,655.36,"Dell S2421HN 23.8"" Full HD IPS"
Monitor,,EUGWUBUGR6E7,Monitor,655.36,"Dell S2421HN 23.8"" Full HD IPS"
Monitor,,GA2IZ5P3VOB5APO,Monitor,631.94,"AOC 24B2XH 23.8"" Full HD IPS 75Hz"
Notebook (No Estoque),,4LJEDGFJDLOGWLA,Notebook,"5,225.54",ASUS ZenBook 14 - Intel Core i5
Notebook (No Estoque),,COLOLN3EH1VR1NE,Notebook,"5,225.54",ASUS ZenBook 14 - Intel Core i5
Notebook (No Estoque),,CQOROI5J8YIT2KO,Notebook,"5,225.54",ASUS ZenBook 14 - Intel Core i5
Notebook (No Estoque),,DWH8N92TP6QAQ3K,Notebook,"5,225.54",ASUS ZenBook 14 - Intel Core i5
Notebook (No Estoque),,8A7RV4NMWVSB0UK,Notebook,"5,225.54",ASUS ZenBook 14 - Intel Core i5
Notebook (No Estoque),,OEFUKPV8LYMJ1Q,Notebook,"5,225.54",ASUS ZenBook 14 - Intel Core i5
Notebook (No Estoque),,I9MQVAYXAR6YO6,Notebook,"5,225.54",ASUS ZenBook 14 - Intel Core i5
Notebook (No Estoque),,Z1T2XCB3YYM33M,Notebook,"5,225.54",ASUS ZenBook 14 - Intel Core i5
Notebook (No Estoque),,G1ZAQ7QHAK7MDW,Notebook,"5,225.54",ASUS ZenBook 14 - Intel Core i5
Notebook (No Estoque),,KZIRNK6ZHH3O5U,Notebook,"5,225.54",ASUS ZenBook 14 - Intel Core i5
Teclado (No Estoque),,RTXUYUCECJUI,Teclado,80.43,Microsoft Wired 600
Teclado (No Estoque),,S2GY9YTJUQ7X,Teclado,80.43,Microsoft Wired 600
Teclado (Em Uso),,7B7P9JYQN15I,Teclado,80.43,Microsoft Wired 600
Teclado (No Estoque),,KPQAHCUA09PC,Teclado,80.43,Microsoft Wired 600
Teclado (Em Uso),,IFLWDR3VWMJD,Teclado,80.43,Microsoft Wired 600
Teclado (Em Uso),,IMBM271W1WUD,Teclado,80.43,Microsoft Wired 600
Teclado (No Estoque),,CBL4CE7PKWCY,Teclado,80.43,Microsoft Wired 600
Teclado (No Estoque),,UKND1IVXAN25,Teclado,80.43,Microsoft Wired 600
Teclado (No Estoque),,WM72QLGDVC2G,Teclado,80.43,Microsoft Wired 600
Teclado (No Estoque),,UWJP0QI2CLP8,Teclado,80.43,Microsoft Wired 600
Teclado (No Estoque),,1L51FLMNAVYC,Teclado,80.43,Microsoft Wired 600
Teclado (No Estoque),,S44PHH62MYZ9,Teclado,80.43,Microsoft Wired 600
Teclado (No Estoque),,VLU8WPFQ2BHA,Teclado,80.43,Microsoft Wired 600
Teclado (Em Uso),,IIWI08L0HG9N,Teclado,80.43,Microsoft Wired 600
Teclado (Em Uso),,CBEKGV1BBHG5,Teclado,80.43,Microsoft Wired 600
Teclado (No Estoque),,ZMTGA46AYN2D,Teclado,80.43,Microsoft Wired 600
Teclado (No Estoque),,7KI3X79955CF,Teclado,80.43,Microsoft Wired 600
Teclado (No Estoque),,72GNNV9IBWGT,Teclado,80.43,Microsoft Wired 600
Teclado (No Estoque),,2LB25485HCQX,Teclado,80.43,Microsoft Wired 600
Teclado (No Estoque),,CS1XSRQLNZZR,Teclado,80.43,Microsoft Wired 600
Teclado (No Estoque),,JO7VBHH5OL5U,Teclado,80.43,Microsoft Wired 600
Teclado (No Estoque),,7NTEDQMVQWPQ,Teclado,80.43,Microsoft Wired 600
Teclado (Em Uso),,O2LNGIXMC4SX,Teclado,80.43,Microsoft Wired 600
Teclado (No Estoque),,27DCBHHLK3YJ,Teclado,80.43,Microsoft Wired 600
Teclado (No Estoque),,Z99106AK32OO,Teclado,80.43,Microsoft Wired 600
Teclado (No Estoque),,UXQS1FOI0RS2,Teclado,80.43,Microsoft Wired 600
Teclado (No Estoque),,10Q2LG1ZHQUN,Teclado,80.43,Microsoft Wired 600
Teclado (No Estoque),,UE7A34MPYO2T,Teclado,80.43,Microsoft Wired 600
Teclado (No Estoque),,LA27F8LWVV59,Teclado,80.43,Microsoft Wired 600
Teclado (Em Uso),,HOTGDUQ6DDTB,Teclado,80.43,Microsoft Wired 600
Teclado (Em Uso),,YRGC8KIXCCSG,Teclado,80.43,Microsoft Wired 600
Teclado (No Estoque),,4OFDTRC85EHP,Teclado,80.43,Microsoft Wired 600
Teclado (No Estoque),,ZRV7VSYJAFCO,Teclado,80.43,Microsoft Wired 600
Teclado (No Estoque),,3S65QU0K5QZZ,Teclado,80.43,Microsoft Wired 600
Teclado (No Estoque),,KW3GI60Q6GUO,Teclado,80.43,Microsoft Wired 600
Teclado (No Estoque),,8I5JWK6Z0HR9,Teclado,80.43,Microsoft Wired 600
Teclado (Em Uso),,T9CD1LQJSQCZ,Teclado,80.43,Microsoft Wired 600
Teclado (No Estoque),,0N04OAE7L0RC,Teclado,80.43,Microsoft Wired 600
Teclado (No Estoque),,TI8F34GADKTO,Teclado,80.43,Microsoft Wired 600
Teclado (No Estoque),,C1YFMHBYHZ43,Teclado,80.43,Microsoft Wired 600
Teclado (No Estoque),,XZ6OLBA117NI,Teclado,80.43,Microsoft Wired 600
Teclado (Em Uso),,DP9MGYH523GG,Teclado,80.43,Microsoft Wired 600
Teclado (Em Uso),,ODLUGHT7EHMG,Teclado,80.43,Microsoft Wired 600
Teclado (Em Uso),,OLOQC3XNCHKV,Teclado,80.43,Microsoft Wired 600
Teclado (No Estoque),,9DT94G8V9ZY9,Teclado,80.43,Microsoft Wired 600
Teclado (No Estoque),,YLW5L4RMVVNX,Teclado,80.43,Microsoft Wired 600
Teclado (No Estoque),,IV9IW6L01WCN,Teclado,80.43,Microsoft Wired 600
Teclado (No Estoque),,KFHB7V80LKX1,Teclado,80.43,Microsoft Wired 600
Teclado (No Estoque),,S9XKA4LIT6XI,Teclado,80.43,Microsoft Wired 600
Teclado (No Estoque),,YZVNLPA5CGWF,Teclado,80.43,Microsoft Wired 600
Teclado (No Estoque),,HDV37IC0LZIG,Teclado,80.43,Microsoft Wired 600
Teclado (Em Uso),,IKQWJ2C9OGPS,Teclado,80.43,Microsoft Wired 600
Teclado (No Estoque),,0132AN417VF0,Teclado,80.43,Microsoft Wired 600
Teclado (Em Uso),,JQQNVCEQFGAS,Teclado,80.43,Microsoft Wired 600
Teclado (Em Uso),,0R778NRXVOB7,Teclado,80.43,Microsoft Wired 600
Teclado (No Estoque),,NUGPJ60SRYZX,Teclado,80.43,Microsoft Wired 600
Teclado (Em Uso),,70IB3WYZXJQY,Teclado,80.43,Microsoft Wired 600
Teclado (No Estoque),,JV84A1X7OV6S,Teclado,80.43,Microsoft Wired 600
Teclado (No Estoque),,GP3JK8XNLO50,Teclado,80.43,Microsoft Wired 600
Teclado (No Estoque),,DW1MF07OL93A,Teclado,80.43,Microsoft Wired 600
Teclado (No Estoque),,CZSX0GNZHG8Q,Teclado,80.43,Microsoft Wired 600
Teclado (No Estoque),,3GCG1J6OWW5F,Teclado,80.43,Microsoft Wired 600
Teclado (No Estoque),,KNJMVRYDC1AU,Teclado,80.43,Microsoft Wired 600
Teclado (No Estoque),,9DSAV917RMPN,Teclado,80.43,Microsoft Wired 600
Teclado (No Estoque),,6937XNCMLDQZ,Teclado,80.43,Microsoft Wired 600
Teclado (No Estoque),,05EV5KZ3NWXR,Teclado,80.43,Microsoft Wired 600
Teclado (No Estoque),,OG983AMB3LPV,Teclado,80.43,Microsoft Wired 600
Teclado (No Estoque),,OWCP779460KH,Teclado,80.43,Microsoft Wired 600
Teclado (No Estoque),,FSU4SE2KYT5G,Teclado,80.43,Microsoft Wired 600
Teclado (Em Uso),,QEXIH1XDPZF7,Teclado,80.43,Microsoft Wired 600
Teclado (No Estoque),,61HJR6EET0DY,Teclado,80.43,Microsoft Wired 600
Teclado (No Estoque),,571VXNZ0NXU4,Teclado,80.43,Microsoft Wired 600
Teclado (No Estoque),,3IEDD070EN48,Teclado,80.43,Microsoft Wired 600
Teclado (No Estoque),,UACT49LNY2SV,Teclado,80.43,Microsoft Wired 600
Teclado (No Estoque),,HOTQF74RQVFX,Teclado,80.43,Microsoft Wired 600
Teclado (No Estoque),,2ZVL9E9ZR3RZ,Teclado,80.43,Microsoft Wired 600
Teclado (Em Uso),,N9L3H03ZB5GR,Teclado,80.43,Microsoft Wired 600
Teclado (Em Uso),,O9X49TMY91OT,Teclado,80.43,Microsoft Wired 600
Teclado (Em Uso),,KZH4OE1U24ZQ,Teclado,80.43,Microsoft Wired 600
Teclado (No Estoque),,FEZKFH00A0UY,Teclado,80.43,Microsoft Wired 600
Teclado (No Estoque),,9F8P47D9GB9X,Teclado,80.43,Microsoft Wired 600
Teclado (No Estoque),,V8WOBIRY8XNY,Teclado,80.43,Microsoft Wired 600
Teclado (No Estoque),,2X15XJXNECRY,Teclado,80.43,Microsoft Wired 600
Teclado (No Estoque),,SAUUJ02GRXPU,Teclado,80.43,Microsoft Wired 600
Teclado (No Estoque),,DC62G3AUT3RS,Teclado,80.43,Microsoft Wired 600
Teclado (Em Uso),,VZ2E186GVGT2,Teclado,80.43,Microsoft Wired 600
Teclado (No Estoque),,EEHFU4B9SNTP,Teclado,80.43,Microsoft Wired 600
Teclado (Em Uso),,8AK8S2XQUZS9,Teclado,80.43,Microsoft Wired 600
Mouse (No Estoque),,MTHD3IGK38VH,Mouse,53.75,HP X500
Mouse (No Estoque),,MEWCJN6OCJPZ,Mouse,53.75,HP X500
Mouse (Em Uso),,TC09ZGNX3VPF,Mouse,53.75,HP X500
Mouse (No Estoque),,9PAVCEDTCXNM,Mouse,53.75,HP X500
Mouse (Em Uso),,J5IAN8ND7G0L,Mouse,53.75,HP X500
Mouse (No Estoque),,3RTZ5TV6G8OM,Mouse,53.75,HP X500
Mouse (No Estoque),,08TV4REASFEN,Mouse,53.75,HP X500
Mouse (No Estoque),,0B09ZIVZG92S,Mouse,53.75,HP X500
Mouse (No Estoque),,JP753K48OLDC,Mouse,53.75,HP X500
Mouse (No Estoque),,08FC0TR58PS0,Mouse,53.75,HP X500
Mouse (Em Uso),,RS95ZOW60ZZ0,Mouse,53.75,HP X500
Mouse (No Estoque),,I0835TVV8Y5S,Mouse,53.75,HP X500
Mouse (Em Uso),,IC4S8PNNE6IT1,Mouse,53.75,HP X500
Mouse (No Estoque),,EKKH0UHK7X3B,Mouse,53.75,HP X500
Mouse (Em Uso),,QWRMWLMA6GMD,Mouse,53.75,HP X500
Mouse (No Estoque),,RDSFERFXIOKPG,Mouse,53.75,HP X500
Mouse (Em Uso),,3DP4FMPM5HGB,Mouse,53.75,HP X500
Mouse (No Estoque),,O06FHRXJPT2Z,Mouse,53.75,HP X500
Mouse (Em Uso),,L15S74NDDAFS,Mouse,53.75,HP X500
Mouse (No Estoque),,1IYM90PKR1IF,Mouse,53.75,HP X500
Mouse (No Estoque),,SI159I3HZ3ZS,Mouse,53.75,HP X500
Mouse (Em Uso),,G9VWIEB97PWD,Mouse,53.75,HP X500
Mouse (Em Uso),,BOLWIMRSXKJK,Mouse,53.75,HP X500
Mouse (No Estoque),,MPLBBB0HQ6DG,Mouse,53.75,HP X500
Mouse (No Estoque),,8NKDAT5L0N2T,Mouse,53.75,HP X500
Mouse (No Estoque),,NXHN5E0EV6XG,Mouse,53.75,HP X500
Mouse (No Estoque),,Z7CTM09HZBGT,Mouse,53.75,HP X500
Mouse (Em Uso),,J54696QZ6CP7,Mouse,53.75,HP X500
Mouse (Em Uso),,SAVZEBU2Y0OY,Mouse,53.75,HP X500
Mouse (No Estoque),,58F1N2OJGFHZ,Mouse,53.75,HP X500
Mouse (No Estoque),,52QZSKHZTGBI,Mouse,53.75,HP X500
Mouse (No Estoque),,BF57J2XI3TAM,Mouse,53.75,HP X500
Mouse (No Estoque),,VNCZTZOWLC33,Mouse,53.75,HP X500
Mouse (No Estoque),,H8G8T922D0NX,Mouse,53.75,HP X500
Mouse (No Estoque),,5WT3HJU31FI0,Mouse,53.75,HP X500
Mouse (No Estoque),,N6DGG5GR0XAF,Mouse,53.75,HP X500
Mouse (Em Uso),,GOVCCI68DS03,Mouse,53.75,HP X500
Mouse (No Estoque),,VNA31XBIDFWA,Mouse,53.75,HP X500
Mouse (Em Uso),,88D0MZHRUPFL,Mouse,53.75,HP X500
Mouse (No Estoque),,FCYWE3DKS4F6,Mouse,53.75,HP X500
Mouse (No Estoque),,APFXI5N53EGD,Mouse,53.75,HP X500
Mouse (No Estoque),,D8MWE776VGTV,Mouse,53.75,HP X500
Mouse (Em Uso),,YFYK3MD6X73Z,Mouse,53.75,HP X500
Mouse (Em Uso),,CA7FXLOZ2RCU,Mouse,53.75,HP X500
Mouse (Em Uso),,8KD9GNLPYO2M,Mouse,53.75,HP X500
Mouse (No Estoque),,2XIPRTT3NUPU,Mouse,53.75,HP X500
Mouse (No Estoque),,Y0ZIA9AU87CM,Mouse,53.75,HP X500
Mouse (Em Uso),,453KF486I3CE,Mouse,53.75,HP X500
Mouse (Em Uso),,8ZNA8NZXC45B,Mouse,53.75,HP X500
Mouse (No Estoque),,NCCU3FG00ZKO,Mouse,53.75,HP X500
Mouse (No Estoque),,M2ZKF5B1SA3Y,Mouse,53.75,HP X500
Mouse (No Estoque),,5T37SZPF9S9E,Mouse,53.75,HP X500
Mouse (No Estoque),,HWHG0U43QLX3,Mouse,53.75,HP X500
Mouse (Em Uso),,F2XHDCV4BKTC,Mouse,53.75,HP X500
Mouse (No Estoque),,V1LTWBJ9UU2B,Mouse,53.75,HP X500
Mouse (No Estoque),,L7AMKOH109ZD,Mouse,53.75,HP X500
Mouse (No Estoque),,O0D3FVNV4KFQ,Mouse,53.75,HP X500
Teclado (Em Uso),,5DZ53X1F8S0X,Teclado,80.43,Microsoft Wired 600
Teclado (Em Uso),,7M2MM4P61NHV,Teclado,80.43,Microsoft Wired 600
Teclado (Em Uso),,CFWR2F5T82DD,Teclado,80.43,Microsoft Wired 600
Teclado (Em Uso),,L7FKNDG1JRJ5,Teclado,80.43,Microsoft Wired 600
Teclado (Em Uso),,XFEUB4O47EN4,Teclado,80.43,Microsoft Wired 600
Teclado (Em Uso),,8NYSJ5YWX0I3,Teclado,80.43,Microsoft Wired 600
Teclado (Em Uso),,A4KFOCNQDQX6,Teclado,80.43,Microsoft Wired 600
Teclado (Em Uso),,QD0771HLL9RZ,Teclado,80.43,Microsoft Wired 600
Teclado (Em Uso),,RKBFQXLBVN7N,Teclado,80.43,Microsoft Wired 600
Teclado (Em Uso),,PRB58YJWDCOK,Teclado,80.43,Microsoft Wired 600
Teclado (Em Uso),,Z5SYJ3D6M1FM,Teclado,80.43,Microsoft Wired 600
Teclado (Em Uso),,PRYFZMYOA2VC,Teclado,80.43,Microsoft Wired 600
Teclado (Em Uso),,YWL9700LFQF5,Teclado,80.43,Microsoft Wired 600
Teclado (Em Uso),,E8OSAQ3EQ8DH,Teclado,80.43,Microsoft Wired 600
Teclado (Em Uso),,9PTFNM88UA3A,Teclado,80.43,Microsoft Wired 600
Teclado (No Estoque),,6S5ZXQOMTS1E,Teclado,80.43,Microsoft Wired 600
Teclado (Em Uso),,GPGVTN4YPKW7,Teclado,80.43,Microsoft Wired 600
Teclado (Em Uso),,493DXWOR17DP,Teclado,80.43,Microsoft Wired 600
Teclado (Em Uso),,UBKPIQNHQE86,Teclado,80.43,Microsoft Wired 600
Teclado (Em Uso),,O3Z0ANIK5J4,Teclado,80.43,Microsoft Wired 600
Teclado (Em Uso),,2OI6OAFN33VM,Teclado,80.43,Microsoft Wired 600
Teclado (No Estoque),,89I9GX32UEW9,Teclado,80.43,Microsoft Wired 600
Teclado (Em Uso),,G6SPD2SW24WJ,Teclado,80.43,Microsoft Wired 600
Teclado (Em Uso),,T8HDPWVBZ7CN,Teclado,80.43,Microsoft Wired 600
Teclado (Em Uso),,0EQWMI6KTI22,Teclado,80.43,Microsoft Wired 600
Teclado (Em Uso),,1XJ7WWUDQVDK,Teclado,80.43,Microsoft Wired 600
Teclado (Em Uso),,6DRN4ORAC8CY,Teclado,80.43,Microsoft Wired 600
Teclado (Em Uso),,NL63GAGUVB99,Teclado,80.43,Microsoft Wired 600
Teclado (Em Uso),,RWTF07GBASF5,Teclado,80.43,Microsoft Wired 600
Teclado (Em Uso),,EHLH07JR8MTK,Teclado,80.43,Microsoft Wired 600
Teclado (Em Uso),,0RSOGGY5KOV1,Teclado,80.43,Microsoft Wired 600
Teclado (Em Uso),,L28R5P03WVPU,Teclado,80.43,Microsoft Wired 600
Teclado (Em Uso),,NWCGBSVK3X8M,Teclado,80.43,Microsoft Wired 600
Teclado (No Estoque),,BGL2MCXN2ELA,Teclado,80.43,Microsoft Wired 600
Teclado (Em Uso),,LQ26UNVSDKV5,Teclado,80.43,Microsoft Wired 600
Teclado (Em Uso),,4C6P1LLH2R9P,Teclado,80.43,Microsoft Wired 600
Teclado (Em Uso),,EGLNUKX496K4,Teclado,80.43,Microsoft Wired 600
Teclado (Em Uso),,O67BXCD20J1O,Teclado,80.43,Microsoft Wired 600
Teclado (Em Uso),,ULWOZQ48ENWB,Teclado,80.43,Microsoft Wired 600
Teclado (Em Uso),,BADLYPGG6N69,Teclado,80.43,Microsoft Wired 600
Teclado (Em Uso),,75J2D8CLW3JG,Teclado,80.43,Microsoft Wired 600
Teclado (Em Uso),,EQE5158OQESU,Teclado,80.43,Microsoft Wired 600
Teclado (Em Uso),,X9L0IJKCU5X0,Teclado,80.43,Microsoft Wired 600
Teclado (Em Uso),,HC8CAH3GDHVS,Teclado,80.43,Microsoft Wired 600
Teclado (No Estoque),,41LQFS6HN95S,Teclado,80.43,Microsoft Wired 600
Teclado (Em Uso),,2GKFL5XF50I6,Teclado,80.43,Microsoft Wired 600
Teclado (Em Uso),,GBXQJ7DPFSSB,Teclado,80.43,Microsoft Wired 600
Teclado (No Estoque),,JDX0PKOVTRPY,Teclado,80.43,Microsoft Wired 600
Teclado (No Estoque),,X8HBBJCDIWZO,Teclado,80.43,Microsoft Wired 600
Teclado (Em Uso),,D05JH2MKV0DS,Teclado,80.43,Microsoft Wired 600
Teclado (Em Uso),,ZRK6ILCG6FAR,Teclado,80.43,Microsoft Wired 600
Teclado (No Estoque),,MGJCY4V8URID,Teclado,80.43,Microsoft Wired 600
Teclado (Em Uso),,3U94SGFDK0Q0,Teclado,80.43,Microsoft Wired 600
Teclado (No Estoque),,9JRNAMZ6146V,Teclado,80.43,Microsoft Wired 600
Teclado (Em Uso),,EY0A94XFRI09,Teclado,80.43,Microsoft Wired 600
Teclado (Em Uso),,M0G8W85Y6Q8S,Teclado,80.43,Microsoft Wired 600
Teclado (No Estoque),,JY5OP9LBSMWP,Teclado,80.43,Microsoft Wired 600
Teclado (No Estoque),,Q82K8RYQF8WX,Teclado,80.43,Microsoft Wired 600
Teclado (Em Uso),,KK2ABKVBLPXA,Teclado,80.43,Microsoft Wired 600
Teclado (No Estoque),,JMK4X1FDJ9HV,Teclado,80.43,Microsoft Wired 600
Teclado (No Estoque),,CHRM3WP8DJKL,Teclado,80.43,Microsoft Wired 600
Teclado (No Estoque),,UYLUYHETKDUW,Teclado,80.43,Microsoft Wired 600
Teclado (No Estoque),,TN5PEPL7ZQPP,Teclado,80.43,Microsoft Wired 600
Teclado (Em Uso),,OAU8P1WKISET,Teclado,80.43,Microsoft Wired 600
Teclado (No Estoque),,UK1OOA35QBB3,Teclado,80.43,Microsoft Wired 600
Teclado (Em Uso),,XMDKRLC0Y0BH,Teclado,80.43,Microsoft Wired 600
Teclado (Em Uso),,F0RIY4KL9ARY,Teclado,80.43,Microsoft Wired 600
Teclado (Em Uso),,EAVEDHR3PCEO,Teclado,80.43,Microsoft Wired 600
Teclado (Em Uso),,934T3Y4WPWG3,Teclado,80.43,Microsoft Wired 600
Teclado (Em Uso),,XG0TRKY8RYOZD,Teclado,80.43,Microsoft Wired 600
Teclado (Em Uso),,PPBQUAKX6WB6,Teclado,80.43,Microsoft Wired 600
Teclado (Em Uso),,8Q0J9M4SMZOC,Teclado,80.43,Microsoft Wired 600
Teclado (No Estoque),,XMZMZ2K1KO6X,Teclado,80.43,Microsoft Wired 600
Teclado (Em Uso),,NQXU71SEL8MW,Teclado,80.43,Microsoft Wired 600
Teclado (Em Uso),,OB4FDD7R1930,Teclado,80.43,Microsoft Wired 600
Teclado (No Estoque),,I6G61PCWE4C1,Teclado,80.43,Microsoft Wired 600
Teclado (No Estoque),,V47LZN9UHJPK,Teclado,80.43,Microsoft Wired 600
Teclado (No Estoque),,HF33GUWYH36M,Teclado,80.43,Microsoft Wired 600
Teclado (No Estoque),,OTCG06XR3URM,Teclado,80.43,Microsoft Wired 600
Teclado (Em Uso),,WUECPNCC2KEI,Teclado,80.43,Microsoft Wired 600
Teclado (Em Uso),,VLI77JZC58CU,Teclado,80.43,Microsoft Wired 600
Teclado (Em Uso),,47SOCZDQ7JBM,Teclado,80.43,Microsoft Wired 600
Teclado (Em Uso),,JM1FT07X5IC8,Teclado,80.43,Microsoft Wired 600
Teclado (Em Uso),,6Z1B98VWCT8J,Teclado,80.43,Microsoft Wired 600
Teclado (Em Uso),,BBSXPK48AB1,Teclado,80.43,Microsoft Wired 600
Teclado (Em Uso),,3T4Y0TB1ZPPE,Teclado,80.43,Microsoft Wired 600
Teclado (No Estoque),,P69NGPCIVI05,Teclado,80.43,Microsoft Wired 600
Teclado (No Estoque),,2U9AZ3CEGBMX,Teclado,80.43,Microsoft Wired 600
Teclado (Em Uso),,IKVRECJTR0M6,Teclado,80.43,Microsoft Wired 600
Teclado (No Estoque),,HZ72KXSJZSB6,Teclado,80.43,Microsoft Wired 600
Teclado (Em Uso),,ZWKHE9I0HN3F,Teclado,80.43,Microsoft Wired 600
Teclado (Em Uso),,9ZXQERBKN3DK,Teclado,80.43,Microsoft Wired 600
Teclado (Em Uso),,VR5NBHGPBKTM,Teclado,80.43,Microsoft Wired 600
Teclado (No Estoque),,AV6763V1M3PP,Teclado,80.43,Microsoft Wired 600
Teclado (Em Uso),,00CDNZY47QUU,Teclado,80.43,Microsoft Wired 600
Teclado (Em Uso),,SFN07EA28DIT,Teclado,80.43,Microsoft Wired 600
Teclado (Em Uso),,MOWNX23VEULJ,Teclado,80.43,Microsoft Wired 600
Teclado (Em Uso),,GQPQ8R4HC7JV,Teclado,80.43,Microsoft Wired 600
Teclado (Em Uso),,LCG1J5EWFWB,Teclado,80.43,Microsoft Wired 600
Mouse (Em Uso),,EBY4UBZCZJJY,Mouse,53.75,HP X500
Mouse (Em Uso),,4MZVMCPSILN3,Mouse,53.75,HP X500
Mouse (Em Uso),,OX5FL2MOXQ9W,Mouse,53.75,HP X500
Mouse (Em Uso),,FB76AV3S2SUM,Mouse,53.75,HP X500
Mouse (Em Uso),,H3B0N9CC7ISU,Mouse,53.75,HP X500
Mouse (Em Uso),,TP04SBRSPJ4K,Mouse,53.75,HP X500
Mouse (Em Uso),,II1NQ0EI05NM,Mouse,53.75,HP X500
Mouse (Em Uso),,S6XVQPU3ET1O,Mouse,53.75,HP X500
Mouse (Em Uso),,VEJKLCP9UW16,Mouse,53.75,HP X500
Mouse (Em Uso),,5AEJT70EBPY9,Mouse,53.75,HP X500
Mouse (Em Uso),,E576MOUZE66V,Mouse,53.75,HP X500
Mouse (Em Uso),,W9B0MQOQ4KRE,Mouse,53.75,HP X500
Mouse (Em Uso),,G167D6VNXNPS,Mouse,53.75,HP X500
Mouse (Em Uso),,V8DKMU6U4PLL,Mouse,53.75,HP X500
Mouse (Em Uso),,GF309HSUWDKE,Mouse,53.75,HP X500
Mouse (Em Uso),,JP5K7917XFH4,Mouse,53.75,HP X500
Mouse (Em Uso),,1A68T2A3AH7U,Mouse,53.75,HP X500
Mouse (Em Uso),,0S3KDZ4PPJ59,Mouse,53.75,HP X500
Mouse (Em Uso),,0EMC20LSJWS1,Mouse,53.75,HP X500
Mouse (No Estoque),,ZL7P72L4X5BW,Mouse,53.75,HP X500
Mouse (Em Uso),,AEN7YJF30KH5,Mouse,53.75,HP X500
Mouse (Em Uso),,840ACUHGPJNV,Mouse,53.75,HP X500
Mouse (Em Uso),,WRXGKIKR2OMR,Mouse,53.75,HP X500
Mouse (Em Uso),,DE51K8LXEQLE,Mouse,53.75,HP X500
Mouse (Em Uso),,ZZ1R2ROIKS62,Mouse,53.75,HP X500
Mouse (Em Uso),,C1JLOPO6J0M3,Mouse,53.75,HP X500
Mouse (Em Uso),,LOUFHW8WLVA0,Mouse,53.75,HP X500
Mouse (Em Uso),,2DZ61TXSNHFT,Mouse,53.75,HP X500
Mouse (Em Uso),,4I26LH07BA7D,Mouse,53.75,HP X500
Mouse (Em Uso),,ORFKI1IJE2XE,Mouse,53.75,HP X500
Mouse (No Estoque),,0JDCZ1OA3VF0,Mouse,53.75,HP X500
Mouse (Em Uso),,2GVLLSAJHJXQ,Mouse,53.75,HP X500
Mouse (Em Uso),,KD8UR6TIARON,Mouse,53.75,HP X500
Mouse (Em Uso),,TDI9OINUXL39,Mouse,53.75,HP X500
Mouse (Em Uso),,DG5RIFWR0UI1,Mouse,53.75,HP X500
Mouse (Em Uso),,JLMFLUOAY12T,Mouse,53.75,HP X500
Mouse (Em Uso),,LXLZS49CDZN1,Mouse,53.75,HP X500
Mouse (Em Uso),,F0FP8BPG2R0T,Mouse,53.75,HP X500
Mouse (Em Uso),,OKPK7YSWNXFS,Mouse,53.75,HP X500
Mouse (Em Uso),,HWZSJQ77Z4ES,Mouse,53.75,HP X500
Mouse (Em Uso),,3AOFC9LGYTLC,Mouse,53.75,HP X500
Mouse (Em Uso),,QFMUIW7J35VL,Mouse,53.75,HP X500
Mouse (Em Uso),,WOJTXCF0KJD2,Mouse,53.75,HP X500
Mouse (Em Uso),,V1L1VJ35YRG,Mouse,53.75,HP X500
Mouse (Em Uso),,29D2FF5L6BSP,Mouse,53.75,HP X500
Mouse (Em Uso),,XLSEUNNRLST5,Mouse,53.75,HP X500
Mouse (No Estoque),,4884Z4UR2YUP,Mouse,53.75,HP X500
Mouse (Em Uso),,MANQY0HU97NG,Mouse,53.75,HP X500
Mouse (Em Uso),,0APSALDNJ7VB,Mouse,53.75,HP X500
Mouse (Em Uso),,JRBZJW83579W,Mouse,53.75,HP X500
Mouse (Em Uso),,RR513BB6F05E,Mouse,53.75,HP X500
Mouse (Em Uso),,P4CWCDT9GWA4,Mouse,53.75,HP X500
Mouse (Em Uso),,4LZ6V7S7O4YC,Mouse,53.75,HP X500
Mouse (Em Uso),,3S0DPJHSG04A,Mouse,53.75,HP X500
Mouse (Em Uso),,JMMUZUQED0GV,Mouse,53.75,HP X500
Mouse (Em Uso),,812HNC0I4X6G,Mouse,53.75,HP X500
Mouse (Em Uso),,1EBZGFLIG5GK,Mouse,53.75,HP X500
Mouse (Em Uso),,ZJRUMXQW3B4N,Mouse,53.75,HP X500
Mouse (Em Uso),,THZM32HZS32D,Mouse,53.75,HP X500
Mouse (No Estoque),,1JQBEXGFVNNV,Mouse,53.75,HP X500
Mouse (Em Uso),,BZW5APMXD6LQ,Mouse,53.75,HP X500
Mouse (Em Uso),,GA3QUPO4JNMY,Mouse,53.75,HP X500
Mouse (Em Uso),,K8516SP18OBS,Mouse,53.75,HP X500
Mouse (Em Uso),,7587H91EL88L,Mouse,53.75,HP X500
Mouse (Em Uso),,12QFAF5KCIHD,Mouse,53.75,HP X500
Mouse (Em Uso),,IY4NRMQYZ6Y3,Mouse,53.75,HP X500
Mouse (Em Uso),,Z1DE1E1630PO,Mouse,53.75,HP X500
Mouse (Em Uso),,CR0VHV1NM3V1,Mouse,53.75,HP X500
Mouse (Em Uso),,6XEGHPMXPKN3,Mouse,53.75,HP X500
Mouse (Em Uso),,B8PFY4QCYD52,Mouse,53.75,HP X500
Mouse (Em Uso),,ALUNQR8O1KJW,Mouse,53.75,HP X500
Mouse (Em Uso),,V2QNRMTN29TN,Mouse,53.75,HP X500
Mouse (Em Uso),,YFM7VH30QBKE,Mouse,53.75,HP X500
Mouse (Em Uso),,RN6YJMK3TGMA,Mouse,53.75,HP X500
Mouse (Em Uso),,LWVMB0IDD0WP,Mouse,53.75,HP X500
Mouse (Em Uso),,J8YI340SQCNF,Mouse,53.75,HP X500
Mouse (Em Uso),,9W5N9C70PA8J,Mouse,53.75,HP X500
Mouse (Em Uso),,X54PEGJKS4I2,Mouse,53.75,HP X500
Mouse (Em Uso),,NR1P02JYV6YJ,Mouse,53.75,HP X500
Mouse (No Estoque),,OAOEJV9LHALC,Mouse,53.75,HP X500
Mouse (Em Uso),,KZ3VWLO7AMMP,Mouse,53.75,HP X500
Mouse (Em Uso),,Q0HZYJB48WUM,Mouse,53.75,HP X500
Mouse (Em Uso),,H9NKLYBWGMP9,Mouse,53.75,HP X500
Mouse (No Estoque),,A9URI7EV4DH9,Mouse,53.75,HP X500
Mouse (Em Uso),,UGF10OO1PVLN,Mouse,53.75,HP X500
Mouse (Em Uso),,D581LTO4RQ3Q,Mouse,53.75,HP X500
Mouse (Em Uso),,7GKTMQG6NX9O,Mouse,53.75,HP X500
Mouse (Em Uso),,WWEW9V08LIUQ,Mouse,53.75,HP X500
Mouse (Em Uso),,DN05XT54FN5G,Mouse,53.75,HP X500
Mouse (No Estoque),,77LK6HQI,Mouse,53.75,HP X500
Mouse (No Estoque),,V929SEVL,Mouse,53.75,HP X500
Mouse (No Estoque),,7FQ8ABY5,Mouse,53.75,HP X500
Mouse (No Estoque),,95CPJZE1,Mouse,53.75,HP X500
Mouse (No Estoque),,XTAR0KO3,Mouse,53.75,HP X500
Mouse (No Estoque),,1NZSXPEF,Mouse,53.75,HP X500
Mouse (No Estoque),,J31EGOM6,Mouse,53.75,HP X500
Mouse (No Estoque),,2HDXC6RI,Mouse,53.75,HP X500
Mouse (No Estoque),,JKQ2ZUV1,Mouse,53.75,HP X500
Mouse (No Estoque),,FKHNNK8F,Mouse,53.75,HP X500
Mouse (No Estoque),,WRPK0ZFK,Mouse,53.75,HP X500
Mouse (No Estoque),,NWBHKVJZ,Mouse,53.75,HP X500
Mouse (No Estoque),,09OWGMF4,Mouse,53.75,HP X500
Mouse (No Estoque),,LN5RGSG6,Mouse,53.75,HP X500
Mouse (No Estoque),,A8MLIK22,Mouse,53.75,HP X500
Mouse (No Estoque),,XMQ66442,Mouse,53.75,HP X500
Mouse (No Estoque),,SIHXODLC,Mouse,53.75,HP X500
Mouse (No Estoque),,TT058CUI,Mouse,53.75,HP X500
Mouse (No Estoque),,J0YXIYQB,Mouse,53.75,HP X500
Mouse (No Estoque),,VTDG3C6S,Mouse,53.75,HP X500
Mouse (No Estoque),,CIVUQT2L,Mouse,53.75,HP X500
Mouse (No Estoque),,WHEDHTHR,Mouse,53.75,HP X500
Mouse (No Estoque),,UU5E51H3,Mouse,53.75,HP X500
Mouse (No Estoque),,WQA1VRGS,Mouse,53.75,HP X500
Mouse (No Estoque),,S8K5IJUL,Mouse,53.75,HP X500
Mouse (No Estoque),,P98RL9QF,Mouse,53.75,HP X500
Mouse (No Estoque),,CPK7PWTG,Mouse,53.75,HP X500
Mouse (No Estoque),,21HSLTDK,Mouse,53.75,HP X500
Mouse (No Estoque),,VUFF124V,Mouse,53.75,HP X500
Mouse (No Estoque),,F89X22J7,Mouse,53.75,HP X500
Mouse (No Estoque),,Q4KFMM0Q,Mouse,53.75,HP X500
Mouse (No Estoque),,POP1O8M2,Mouse,53.75,HP X500
Mouse (No Estoque),,91AZHZKN,Mouse,53.75,HP X500
Mouse (No Estoque),,L2LUHHS4,Mouse,53.75,HP X500
Mouse (No Estoque),,DILRZQ8B,Mouse,53.75,HP X500
Mouse (No Estoque),,XY6RKVND,Mouse,53.75,HP X500
Mouse (No Estoque),,XJN7DE0L,Mouse,53.75,HP X500
Mouse (No Estoque),,1OFFKHDI,Mouse,53.75,HP X500
Mouse (No Estoque),,U1JTKA1C,Mouse,53.75,HP X500
Mouse (No Estoque),,2ZL46Q5G,Mouse,53.75,HP X500
Mouse (No Estoque),,QQLYZJ0A,Mouse,53.75,HP X500
Mouse (No Estoque),,EOORBT6S,Mouse,53.75,HP X500
Teclado,,APBS22RUW0U9,Teclado,149.88,Microsoft Wireless Desktop 900
Mouse,,2T24D7V911PJ,Mouse,99.88,HP Z3700 Mouse Sem Fio
Eletrodomésticos,,Q50XCXMSY3PAU,Eletrodomésticos,"2,916.50","Samsung UN50TU8000 50"" 4K UHD"
Eletrodomésticos,,A3AIPJIYLQX1,Eletrodomésticos,"1,294.26","Sony KD-32W800 32"" HD Ready"
Eletrodomésticos,,UM55F1HGAV42T8L,Eletrodomésticos,"1,245.69","TCL 32S330 32"" HD LED"
Eletrodomésticos,,LIHKPJ7HME6P4NP,Eletrodomésticos,"1,245.69","TCL 32S330 32"" HD LED"
Eletrodomésticos,,00NQOHN3DG60,Eletrodomésticos,"3,873.75","Samsung UN60TU8000 60"" 4K UHD"
Eletrodomésticos,,E1ERV0LG92MJ,Eletrodomésticos,"4,248.75","Samsung UN60TU8000 60"" 4K UHD"
Internet e Outros Equipamentos,,EQA2O4M84P4K9DXO,Internet e Outros Equipamentos,"2,644.38",Sony SRS-XB43 Bluetooth Speaker
Internet e Outros Equipamentos,,Q8JXLFIUEFZ1C25X,Internet e Outros Equipamentos,"2,627.76",Harman Kardon Onyx Studio 7
Eletrodomésticos,,,Eletrodomésticos,848.75,Panasonic NN-ST65 32L Micro-ondas
Eletrodomésticos,,,Eletrodomésticos,848.75,Panasonic NN-ST65 32L Micro-ondas
Eletrodomésticos,,,Eletrodomésticos,848.75,Panasonic NN-ST65 32L Micro-ondas
Eletrodomésticos,,,Eletrodomésticos,848.75,Panasonic NN-ST65 32L Micro-ondas
Eletrodomésticos,,NOFG7803G5,Eletrodomésticos,"3,560.40",Electrolux BFX50 Frost Free 427L
Eletrodomésticos,,DFRLW6JL2L,Eletrodomésticos,"3,560.40",Electrolux BFX50 Frost Free 427L
Eletrodomésticos,,,Eletrodomésticos,"1,155.00",Philco PCF46 Cafeteira 6L
Eletrodomésticos,,,Eletrodomésticos,"1,155.00",Philco PCF46 Cafeteira 6L
Eletrodomésticos,,,Eletrodomésticos,"1,870.00",Consul CPC31AB Bebedouro
Eletrodomésticos,,,Eletrodomésticos,"1,870.00",Consul CPC31AB Bebedouro
Eletrodomésticos,,5B56BNVSFA6D,Eletrodomésticos,"1,294.26","Sony KD-32W800 32"" HD Ready"
Eletrodomésticos,,9ER94TEVWLQ6,Eletrodomésticos,"1,294.26","Sony KD-32W800 32"" HD Ready"
Eletrodomésticos,,EXNWZR04H,Eletrodomésticos,36.06,Suporte Papel Higiênico Inox 304
Eletrodomésticos,,HE7ICDO5D,Eletrodomésticos,36.06,Suporte Papel Higiênico Inox 304
Eletrodomésticos,,IGXL9YSU5,Eletrodomésticos,36.06,Suporte Papel Higiênico Inox 304
Eletrodomésticos,,1EPXU7B6N,Eletrodomésticos,36.06,Suporte Papel Higiênico Inox 304
Eletrodomésticos,,BHGFB2FLU,Eletrodomésticos,36.06,Suporte Papel Higiênico Inox 304
Eletrodomésticos,,RMW3UQHWT,Eletrodomésticos,36.06,Suporte Papel Higiênico Inox 304
Eletrodomésticos,,EK17M6J3R,Eletrodomésticos,205.09,
Eletrodomésticos,,TXYMSCNX8,Eletrodomésticos,205.09,
Eletrodomésticos,,EIQETK5LP,Eletrodomésticos,205.09,
Eletrodomésticos,,9C5SO79H4,Eletrodomésticos,205.09,
Eletrodomésticos,,HA0MVF4S2,Eletrodomésticos,205.09,
Eletrodomésticos,,NI8TNDFWW,Eletrodomésticos,205.09,
Eletrodomésticos,,41F7V4K88,Eletrodomésticos,205.09,
Eletrodomésticos,,K686QE7AJ,Eletrodomésticos,205.09,
Eletrodomésticos,,UL7W8COF3,Eletrodomésticos,205.09,
Eletrodomésticos,,138I2XOG4,Eletrodomésticos,205.09,
Eletrodomésticos,,C8J6E07FP,Eletrodomésticos,55.71,Dispenser Sabonete 800ml Inox
Eletrodomésticos,,Y1AELDWQX,Eletrodomésticos,55.71,Dispenser Sabonete 800ml Inox
Eletrodomésticos,,KE0QC96MJ,Eletrodomésticos,55.71,Dispenser Sabonete 800ml Inox
Eletrodomésticos,,9N6EQV5Y2,Eletrodomésticos,55.71,Dispenser Sabonete 800ml Inox
Eletrodomésticos,,1ID9VVN5X,Eletrodomésticos,55.71,Dispenser Sabonete 800ml Inox
Eletrodomésticos,,48PW5K0JJ,Eletrodomésticos,55.71,Dispenser Sabonete 800ml Inox
Monitor,,SP49CD3IRVXD2ZU,Monitor,631.94,"AOC 24B2XH 23.8"" Full HD IPS 75Hz"
Monitor,,,Monitor,631.94,"AOC 24B2XH 23.8"" Full HD IPS 75Hz"
Monitor,,4NS7NVV28UE1MY6,Monitor,631.94,"AOC 24B2XH 23.8"" Full HD IPS 75Hz"
Monitor,,PO0M24US73W1YAU,Monitor,631.94,"AOC 24B2XH 23.8"" Full HD IPS 75Hz"
Monitor,,A8D7204J3M9IQBQ,Monitor,631.94,"AOC 24B2XH 23.8"" Full HD IPS 75Hz"
Monitor,,,Monitor,655.36,"AOC 24B2XH 23.8"" Full HD IPS 75Hz"
Monitor,,9J2H1TLOM344MW0,Monitor,631.94,"AOC 24B2XH 23.8"" Full HD IPS 75Hz"
Monitor,,,Monitor,655.36,"AOC 24B2XH 23.8"" Full HD IPS 75Hz"
Eletrodomésticos,,4I3DZXLRGNJZM3,Eletrodomésticos,"1,439.25","LG 58UP7550PSF 58"" 4K UHD"
Teclado (Em Uso),,618LEU6ZU1TO,Teclado,80.43,Microsoft Wired 600
Eletrodomésticos,,ZHDV5OJZTO7D83,Eletrodomésticos,"1,439.25","LG 58UP7550PSF 58"" 4K UHD"
Eletrodomésticos,,5KUC9PBTYJR3,Eletrodomésticos,"1,259.35","TCL 43P635 43"" 4K"
Eletrodomésticos,,9IIXHAIAW4OT,Eletrodomésticos,"1,259.35","TCL 43P635 43"" 4K"
Eletrodomésticos,,UO4UW590Z92J,Eletrodomésticos,"1,259.35","TCL 43P635 43"" 4K"
Eletrodomésticos,,N67LM8E49ITE92S,Eletrodomésticos,"1,259.35","Samsung UN43T5300 43"" FHD Smart TV"
Eletrodomésticos,,RL3VZZXT9QUB,Eletrodomésticos,"1,151.40","TCL 43P635 43"" 4K"
Eletrodomésticos,,WRP8GUUCM5FYCZU,Eletrodomésticos,"1,439.25","LG 55NANO75 55"" 4K NanoCell"
Eletrodomésticos,,80ZRZ79HQTYLU58,Eletrodomésticos,"1,439.25","LG 55NANO75 55"" 4K NanoCell"
Eletrodomésticos,,FTYLAVZME9WT00I,Eletrodomésticos,"1,439.25","LG 55NANO75 55"" 4K NanoCell"
Eletrodomésticos,,V1GGXRED8U8NOZE,Eletrodomésticos,"1,439.25","LG 55NANO75 55"" 4K NanoCell"
Eletrodomésticos,,MDMZ5RGOI9WM1SA,Eletrodomésticos,"1,439.25","TCL 65P735 65"" 4K QLED"
Internet e Outros Equipamentos,,V9CNG8TANA6U,Internet e Outros Equipamentos,412.50,Chromecast com Google TV HD
Teclado (No Estoque),,48GWGHM56VU6,Teclado,80.43,Microsoft Wired 600
Internet e Outros Equipamentos,,Z5GF3BBT873LK,Internet e Outros Equipamentos,"1,499.65",Cisco SG110-16 Switch 16p
Internet e Outros Equipamentos,,MGS6RV9777TNQ,Internet e Outros Equipamentos,"1,499.65",Cisco SG110-16 Switch 16p
Internet e Outros Equipamentos,,ETMNI3GOM6736,Internet e Outros Equipamentos,"1,499.65",Cisco SG110-16 Switch 16p
Internet e Outros Equipamentos,,Z4DSXLSUTOTHL,Internet e Outros Equipamentos,112.50,Netgear GS305 Switch 5p
Internet e Outros Equipamentos,,QH7PPCADUVL9,Internet e Outros Equipamentos,700.00,Netgear GS324 Switch 24p
Internet e Outros Equipamentos,,11ZSB8LV6TX0T,Internet e Outros Equipamentos,700.00,Netgear GS324 Switch 24p
Internet e Outros Equipamentos,,BKG8B350SGNZ6,Internet e Outros Equipamentos,112.50,Netgear GS305 Switch 5p
Internet e Outros Equipamentos,,D86ZCHHXA7HY7,Internet e Outros Equipamentos,"1,499.65",Cisco SG350-18 Switch 18p
Internet e Outros Equipamentos,,AI33993N4BFIY,Internet e Outros Equipamentos,"1,499.65",Cisco SG350-18 Switch 18p
Internet e Outros Equipamentos,,5PU5WH50JYOOK63RVWO,Internet e Outros Equipamentos,"2,123.75",TP-Link EAP670 Wi-Fi 6
Internet e Outros Equipamentos,,ZQXIWE6RGL7JY7OTKUD,Internet e Outros Equipamentos,"2,123.75",TP-Link EAP670 Wi-Fi 6
Internet e Outros Equipamentos,,E358TRE9QDI3G13IWPF,Internet e Outros Equipamentos,"2,123.75",TP-Link EAP670 Wi-Fi 6
Internet e Outros Equipamentos,,VB71GHLU8M87MHXOFKC,Internet e Outros Equipamentos,"1,798.75",TP-Link EAP670 Wi-Fi 6
Internet e Outros Equipamentos,,,Internet e Outros Equipamentos,"2,473.75",Cisco Aironet 1815i
Internet e Outros Equipamentos,,GGXP5CITUF8CYOTWG7N,Internet e Outros Equipamentos,"2,473.75",Cisco Aironet 1815i
Internet e Outros Equipamentos,,FDINU31EIWUCX67XKWQ,Internet e Outros Equipamentos,"2,473.75",Cisco Aironet 1815i
Internet e Outros Equipamentos,,0YWM9Q7FTMFWG895NA2,Internet e Outros Equipamentos,"2,473.75",Cisco Aironet 1815i
Internet e Outros Equipamentos,,FQZTIO4M7,Internet e Outros Equipamentos,"1,798.75",TP-Link EAP670 Wi-Fi 6
Internet e Outros Equipamentos,,PP0PNNLO0HHGH5XW6T1,Internet e Outros Equipamentos,"2,123.75",TP-Link EAP670 Wi-Fi 6
Internet e Outros Equipamentos,,OXHFDXK31WBHTFNSGPY,Internet e Outros Equipamentos,"2,123.75",TP-Link EAP670 Wi-Fi 6
Internet e Outros Equipamentos,,NYJ0UFO2HOQ5E7L7W05,Internet e Outros Equipamentos,"2,123.75",TP-Link EAP670 Wi-Fi 6
Internet e Outros Equipamentos,,Y2DA5B4L6HFH4N6V3RZ,Internet e Outros Equipamentos,"2,473.75",Cisco Aironet 1815i
Internet e Outros Equipamentos,,KDU6FOTWFTQ9Y69XF,Internet e Outros Equipamentos,"6,250.00",Mikrotik RB4011iGS+RM
Internet e Outros Equipamentos,,Q1ENNGAY37VG6,Internet e Outros Equipamentos,"1,499.65",Cisco SG350-18 Switch 18p
Internet e Outros Equipamentos,,88U595CEKOF92,Internet e Outros Equipamentos,"1,499.65",Cisco SG350-18 Switch 18p
Internet e Outros Equipamentos,,Y8LZ8CV2A6PG4,Internet e Outros Equipamentos,"1,499.65",Cisco SG350-18 Switch 18p
Internet e Outros Equipamentos,,GKS6R6BILQPB0,Internet e Outros Equipamentos,"1,499.65",Cisco SG350-18 Switch 18p
Internet e Outros Equipamentos,,1QCTE9W0AN6NB,Internet e Outros Equipamentos,"1,499.65",Netgear GS316 Switch 16p
Internet e Outros Equipamentos,,YZM242OM7ZTRJ,Internet e Outros Equipamentos,112.50,Netgear GS305 Switch 5p
Internet e Outros Equipamentos,,67DXLSE33DCNF,Internet e Outros Equipamentos,112.50,Netgear GS305 Switch 5p
Internet e Outros Equipamentos,,225AA35WFW5Q5,Internet e Outros Equipamentos,112.50,Netgear GS305 Switch 5p
Internet e Outros Equipamentos,,2DEZH0CD8A2IB,Internet e Outros Equipamentos,112.50,Netgear GS305 Switch 5p
Internet e Outros Equipamentos,,CLTRH9VGKY5CG,Internet e Outros Equipamentos,"1,499.65",Cisco SG350-18 Switch 18p
Internet e Outros Equipamentos,,AGHFT9ZZCGL9F,Internet e Outros Equipamentos,112.50,Netgear GS305 Switch 5p
Internet e Outros Equipamentos,,WVVSKP30TX8J1,Internet e Outros Equipamentos,112.50,Netgear GS305 Switch 5p
Internet e Outros Equipamentos,,CCM0W3C1ZA0DV,Internet e Outros Equipamentos,"1,499.65",Netgear GS316 Switch 16p
Internet e Outros Equipamentos,,6NYYCJ4Q0RR1L,Internet e Outros Equipamentos,"1,499.65",Netgear GS316 Switch 16p
Internet e Outros Equipamentos,,9GVBMQQ749Q6Q,Internet e Outros Equipamentos,"1,499.65",Netgear GS316 Switch 16p
Internet e Outros Equipamentos,,F1PAFL9WOA2XG,Internet e Outros Equipamentos,"1,499.65",Netgear GS316 Switch 16p
Internet e Outros Equipamentos,,VGDOFMAOK8TIR,Internet e Outros Equipamentos,"1,499.65",Netgear GS316 Switch 16p
Internet e Outros Equipamentos,,0P8F8C8CLRKI7,Internet e Outros Equipamentos,700.00,Netgear GS324 Switch 24p
Teclado (No Estoque),,2OALFWYPEEK0,Teclado,80.43,Microsoft Wired 600
Internet e Outros Equipamentos,,35N8CQPHLI5L,Internet e Outros Equipamentos,"1,499.65",Cisco SG350-18 Switch 18p
Internet e Outros Equipamentos,,692TULGELW8IV,Internet e Outros Equipamentos,"3,808.75",Cisco SG350-52 Switch 52p
Internet e Outros Equipamentos,,I3RQASD1WCRV6,Internet e Outros Equipamentos,"3,808.75",Cisco SG350-52 Switch 52p
Internet e Outros Equipamentos,,8JQ12JF4CIWL3,Internet e Outros Equipamentos,"3,861.25",Cisco SG350-52 Switch 52p
Monitor,,RFJL9VT3X8VE00H,Monitor,655.36,"AOC 24B2XH 23.8"" Full HD IPS 75Hz"
Internet e Outros Equipamentos,,2K2P3AJFAX1CQ,Internet e Outros Equipamentos,112.50,Netgear GS305 Switch 5p
Internet e Outros Equipamentos,,6FWTV1DJJZQFE,Internet e Outros Equipamentos,112.50,Netgear GS305 Switch 5p
Internet e Outros Equipamentos,,8E5TNLZTWXOL4BK,Internet e Outros Equipamentos,"2,883.32",HP LaserJet Pro MFP M148fdw
Livros,,UU5CZECCFS7I1,Livros,93.69,
Livros,,9MO1RTSXOF33Q,Livros,83.03,
Internet e Outros Equipamentos,,E6JIXUB4IBHIF5SL,Internet e Outros Equipamentos,793.25,
Internet e Outros Equipamentos,,1YA1RYZTBVHUAZ,Internet e Outros Equipamentos,540.91,
Livros,,UN6FHT60KUSFH,Livros,35.94,
Internet e Outros Equipamentos,,VMLJEKBVXSOGB,Internet e Outros Equipamentos,"2,118.75",Sievert SV4016 Balun 16 Canais 4K
Headset (No Estoque),,205HU03Y53MBWU5J,Headset,179.24,Sony MDR-ZX110
